[{"created_at":"Tue Jun 02 10:58:20 +0000 2015","id":605689900827045889,"id_str":"605689900827045889","text":"RT @EnvatoMarket: Our latest Wallpaper Design Contest is live! Current theme is 'Urban'. Check it out! http:\/\/t.co\/YLDezcbpUt http:\/\/t.co\/2\u2026","source":"\u003ca href=\"http:\/\/twitter.com\" rel=\"nofollow\"\u003eTwitter Web Client\u003c\/a\u003e","truncated":false,"in_reply_to_status_id":null,"in_reply_to_status_id_str":null,"in_reply_to_user_id":null,"in_reply_to_user_id_str":null,"in_reply_to_screen_name":null,"user":{"id":16582191,"id_str":"16582191","name":"Envato","screen_name":"envato","location":"Melbourne","description":"Envato is an ecosystem of sites to help you get creative.","url":"http:\/\/t.co\/5OvUThoMWI","entities":{"url":{"urls":[{"url":"http:\/\/t.co\/5OvUThoMWI","expanded_url":"http:\/\/envato.com","display_url":"envato.com","indices":[0,22]}]},"description":{"urls":[]}},"protected":false,"followers_count":52524,"friends_count":589,"listed_count":1836,"created_at":"Fri Oct 03 19:11:51 +0000 2008","favourites_count":324,"utc_offset":36000,"time_zone":"Melbourne","geo_enabled":false,"verified":false,"statuses_count":6763,"lang":"en","contributors_enabled":false,"is_translator":false,"is_translation_enabled":false,"profile_background_color":"323435","profile_background_image_url":"http:\/\/pbs.twimg.com\/profile_background_images\/378800000036129044\/4aaf87e960f30537daa1a0a0c3c4fc31.jpeg","profile_background_image_url_https":"https:\/\/pbs.twimg.com\/profile_background_images\/378800000036129044\/4aaf87e960f30537daa1a0a0c3c4fc31.jpeg","profile_background_tile":false,"profile_image_url":"http:\/\/pbs.twimg.com\/profile_images\/344513261572266825\/1316a31c9c4481517fbb3fca65e96f3d_normal.png","profile_image_url_https":"https:\/\/pbs.twimg.com\/profile_images\/344513261572266825\/1316a31c9c4481517fbb3fca65e96f3d_normal.png","profile_banner_url":"https:\/\/pbs.twimg.com\/profile_banners\/16582191\/1430203572","profile_link_color":"83B449","profile_sidebar_border_color":"FFFFFF","profile_sidebar_fill_color":"6C9450","profile_text_color":"242424","profile_use_background_image":true,"default_profile":false,"default_profile_image":false,"following":false,"follow_request_sent":false,"notifications":false},"geo":null,"coordinates":null,"place":null,"contributors":null,"retweeted_status":{"created_at":"Tue Jun 02 05:23:00 +0000 2015","id":605605513208983552,"id_str":"605605513208983552","text":"Our latest Wallpaper Design Contest is live! Current theme is 'Urban'. Check it out! http:\/\/t.co\/YLDezcbpUt http:\/\/t.co\/2HwgWq1Ta9","source":"\u003ca href=\"http:\/\/bufferapp.com\" rel=\"nofollow\"\u003eBuffer\u003c\/a\u003e","truncated":false,"in_reply_to_status_id":null,"in_reply_to_status_id_str":null,"in_reply_to_user_id":null,"in_reply_to_user_id_str":null,"in_reply_to_screen_name":null,"user":{"id":2508601772,"id_str":"2508601772","name":"Envato Market","screen_name":"EnvatoMarket","location":"","description":"Everything you need for your next creative project. Support Requests: @envato_help","url":"http:\/\/t.co\/AiYz4tB083","entities":{"url":{"urls":[{"url":"http:\/\/t.co\/AiYz4tB083","expanded_url":"http:\/\/market.envato.com\/","display_url":"market.envato.com","indices":[0,22]}]},"description":{"urls":[]}},"protected":false,"followers_count":5128,"friends_count":368,"listed_count":137,"created_at":"Mon May 19 22:23:25 +0000 2014","favourites_count":487,"utc_offset":-25200,"time_zone":"Pacific Time (US & Canada)","geo_enabled":false,"verified":false,"statuses_count":1241,"lang":"en","contributors_enabled":false,"is_translator":false,"is_translation_enabled":false,"profile_background_color":"000000","profile_background_image_url":"http:\/\/abs.twimg.com\/images\/themes\/theme1\/bg.png","profile_background_image_url_https":"https:\/\/abs.twimg.com\/images\/themes\/theme1\/bg.png","profile_background_tile":false,"profile_image_url":"http:\/\/pbs.twimg.com\/profile_images\/528590757364391936\/E6x1XB2I_normal.png","profile_image_url_https":"https:\/\/pbs.twimg.com\/profile_images\/528590757364391936\/E6x1XB2I_normal.png","profile_banner_url":"https:\/\/pbs.twimg.com\/profile_banners\/2508601772\/1432211719","profile_link_color":"81B340","profile_sidebar_border_color":"000000","profile_sidebar_fill_color":"000000","profile_text_color":"000000","profile_use_background_image":false,"default_profile":false,"default_profile_image":false,"following":false,"follow_request_sent":false,"notifications":false},"geo":null,"coordinates":null,"place":null,"contributors":null,"is_quote_status":false,"retweet_count":3,"favorite_count":3,"entities":{"hashtags":[],"symbols":[],"user_mentions":[],"urls":[{"url":"http:\/\/t.co\/YLDezcbpUt","expanded_url":"http:\/\/enva.to\/urban","display_url":"enva.to\/urban","indices":[85,107]}],"media":[{"id":605605513150263296,"id_str":"605605513150263296","indices":[108,130],"media_url":"http:\/\/pbs.twimg.com\/media\/CGeLAW1W8AARAO4.jpg","media_url_https":"https:\/\/pbs.twimg.com\/media\/CGeLAW1W8AARAO4.jpg","url":"http:\/\/t.co\/2HwgWq1Ta9","display_url":"pic.twitter.com\/2HwgWq1Ta9","expanded_url":"http:\/\/twitter.com\/EnvatoMarket\/status\/605605513208983552\/photo\/1","type":"photo","sizes":{"thumb":{"w":150,"h":150,"resize":"crop"},"large":{"w":525,"h":260,"resize":"fit"},"small":{"w":340,"h":168,"resize":"fit"},"medium":{"w":525,"h":260,"resize":"fit"}}}]},"extended_entities":{"media":[{"id":605605513150263296,"id_str":"605605513150263296","indices":[108,130],"media_url":"http:\/\/pbs.twimg.com\/media\/CGeLAW1W8AARAO4.jpg","media_url_https":"https:\/\/pbs.twimg.com\/media\/CGeLAW1W8AARAO4.jpg","url":"http:\/\/t.co\/2HwgWq1Ta9","display_url":"pic.twitter.com\/2HwgWq1Ta9","expanded_url":"http:\/\/twitter.com\/EnvatoMarket\/status\/605605513208983552\/photo\/1","type":"photo","sizes":{"thumb":{"w":150,"h":150,"resize":"crop"},"large":{"w":525,"h":260,"resize":"fit"},"small":{"w":340,"h":168,"resize":"fit"},"medium":{"w":525,"h":260,"resize":"fit"}}}]},"favorited":false,"retweeted":false,"possibly_sensitive":false,"lang":"en"},"is_quote_status":false,"retweet_count":3,"favorite_count":0,"entities":{"hashtags":[],"symbols":[],"user_mentions":[{"screen_name":"EnvatoMarket","name":"Envato Market","id":2508601772,"id_str":"2508601772","indices":[3,16]}],"urls":[{"url":"http:\/\/t.co\/YLDezcbpUt","expanded_url":"http:\/\/enva.to\/urban","display_url":"enva.to\/urban","indices":[103,125]}],"media":[{"id":605605513150263296,"id_str":"605605513150263296","indices":[126,140],"media_url":"http:\/\/pbs.twimg.com\/media\/CGeLAW1W8AARAO4.jpg","media_url_https":"https:\/\/pbs.twimg.com\/media\/CGeLAW1W8AARAO4.jpg","url":"http:\/\/t.co\/2HwgWq1Ta9","display_url":"pic.twitter.com\/2HwgWq1Ta9","expanded_url":"http:\/\/twitter.com\/EnvatoMarket\/status\/605605513208983552\/photo\/1","type":"photo","sizes":{"thumb":{"w":150,"h":150,"resize":"crop"},"large":{"w":525,"h":260,"resize":"fit"},"small":{"w":340,"h":168,"resize":"fit"},"medium":{"w":525,"h":260,"resize":"fit"}},"source_status_id":605605513208983552,"source_status_id_str":"605605513208983552","source_user_id":2508601772,"source_user_id_str":"2508601772"}]},"extended_entities":{"media":[{"id":605605513150263296,"id_str":"605605513150263296","indices":[126,140],"media_url":"http:\/\/pbs.twimg.com\/media\/CGeLAW1W8AARAO4.jpg","media_url_https":"https:\/\/pbs.twimg.com\/media\/CGeLAW1W8AARAO4.jpg","url":"http:\/\/t.co\/2HwgWq1Ta9","display_url":"pic.twitter.com\/2HwgWq1Ta9","expanded_url":"http:\/\/twitter.com\/EnvatoMarket\/status\/605605513208983552\/photo\/1","type":"photo","sizes":{"thumb":{"w":150,"h":150,"resize":"crop"},"large":{"w":525,"h":260,"resize":"fit"},"small":{"w":340,"h":168,"resize":"fit"},"medium":{"w":525,"h":260,"resize":"fit"}},"source_status_id":605605513208983552,"source_status_id_str":"605605513208983552","source_user_id":2508601772,"source_user_id_str":"2508601772"}]},"favorited":false,"retweeted":false,"possibly_sensitive":false,"lang":"en"},{"created_at":"Tue Jun 02 05:22:29 +0000 2015","id":605605383709859840,"id_str":"605605383709859840","text":"RT @justinfrench: Frequently in awe of the talent and capability in the @envato team. You should totally join us. http:\/\/t.co\/gK503fmQzA","source":"\u003ca href=\"http:\/\/www.hootsuite.com\" rel=\"nofollow\"\u003eHootsuite\u003c\/a\u003e","truncated":false,"in_reply_to_status_id":null,"in_reply_to_status_id_str":null,"in_reply_to_user_id":null,"in_reply_to_user_id_str":null,"in_reply_to_screen_name":null,"user":{"id":16582191,"id_str":"16582191","name":"Envato","screen_name":"envato","location":"Melbourne","description":"Envato is an ecosystem of sites to help you get creative.","url":"http:\/\/t.co\/5OvUThoMWI","entities":{"url":{"urls":[{"url":"http:\/\/t.co\/5OvUThoMWI","expanded_url":"http:\/\/envato.com","display_url":"envato.com","indices":[0,22]}]},"description":{"urls":[]}},"protected":false,"followers_count":52524,"friends_count":589,"listed_count":1836,"created_at":"Fri Oct 03 19:11:51 +0000 2008","favourites_count":324,"utc_offset":36000,"time_zone":"Melbourne","geo_enabled":false,"verified":false,"statuses_count":6763,"lang":"en","contributors_enabled":false,"is_translator":false,"is_translation_enabled":false,"profile_background_color":"323435","profile_background_image_url":"http:\/\/pbs.twimg.com\/profile_background_images\/378800000036129044\/4aaf87e960f30537daa1a0a0c3c4fc31.jpeg","profile_background_image_url_https":"https:\/\/pbs.twimg.com\/profile_background_images\/378800000036129044\/4aaf87e960f30537daa1a0a0c3c4fc31.jpeg","profile_background_tile":false,"profile_image_url":"http:\/\/pbs.twimg.com\/profile_images\/344513261572266825\/1316a31c9c4481517fbb3fca65e96f3d_normal.png","profile_image_url_https":"https:\/\/pbs.twimg.com\/profile_images\/344513261572266825\/1316a31c9c4481517fbb3fca65e96f3d_normal.png","profile_banner_url":"https:\/\/pbs.twimg.com\/profile_banners\/16582191\/1430203572","profile_link_color":"83B449","profile_sidebar_border_color":"FFFFFF","profile_sidebar_fill_color":"6C9450","profile_text_color":"242424","profile_use_background_image":true,"default_profile":false,"default_profile_image":false,"following":false,"follow_request_sent":false,"notifications":false},"geo":null,"coordinates":null,"place":null,"contributors":null,"retweeted_status":{"created_at":"Tue Jun 02 04:08:49 +0000 2015","id":605586842516340736,"id_str":"605586842516340736","text":"Frequently in awe of the talent and capability in the @envato team. You should totally join us. http:\/\/t.co\/gK503fmQzA","source":"\u003ca href=\"http:\/\/bufferapp.com\" rel=\"nofollow\"\u003eBuffer\u003c\/a\u003e","truncated":false,"in_reply_to_status_id":null,"in_reply_to_status_id_str":null,"in_reply_to_user_id":null,"in_reply_to_user_id_str":null,"in_reply_to_screen_name":null,"user":{"id":9254052,"id_str":"9254052","name":"Justin French","screen_name":"justinfrench","location":"Melbourne, Australia","description":"Designer, Product Manager, Ruby Tinkerer. I work with @envato and procrastinate with @teesetter.","url":"http:\/\/t.co\/Mrg7qXh4Xg","entities":{"url":{"urls":[{"url":"http:\/\/t.co\/Mrg7qXh4Xg","expanded_url":"http:\/\/justinfrench.com","display_url":"justinfrench.com","indices":[0,22]}]},"description":{"urls":[]}},"protected":false,"followers_count":1380,"friends_count":318,"listed_count":108,"created_at":"Thu Oct 04 23:00:47 +0000 2007","favourites_count":180,"utc_offset":36000,"time_zone":"Melbourne","geo_enabled":true,"verified":false,"statuses_count":10083,"lang":"en","contributors_enabled":false,"is_translator":false,"is_translation_enabled":false,"profile_background_color":"FFFFFF","profile_background_image_url":"http:\/\/abs.twimg.com\/images\/themes\/theme14\/bg.gif","profile_background_image_url_https":"https:\/\/abs.twimg.com\/images\/themes\/theme14\/bg.gif","profile_background_tile":true,"profile_image_url":"http:\/\/pbs.twimg.com\/profile_images\/499036283767758848\/cj5Bp2Jd_normal.jpeg","profile_image_url_https":"https:\/\/pbs.twimg.com\/profile_images\/499036283767758848\/cj5Bp2Jd_normal.jpeg","profile_banner_url":"https:\/\/pbs.twimg.com\/profile_banners\/9254052\/1403160268","profile_link_color":"65AAED","profile_sidebar_border_color":"FFFFFF","profile_sidebar_fill_color":"EFEFEF","profile_text_color":"333333","profile_use_background_image":false,"default_profile":false,"default_profile_image":false,"following":false,"follow_request_sent":false,"notifications":false},"geo":null,"coordinates":null,"place":null,"contributors":null,"is_quote_status":false,"retweet_count":4,"favorite_count":1,"entities":{"hashtags":[],"symbols":[],"user_mentions":[{"screen_name":"envato","name":"Envato","id":16582191,"id_str":"16582191","indices":[54,61]}],"urls":[{"url":"http:\/\/t.co\/gK503fmQzA","expanded_url":"http:\/\/buff.ly\/1FRrrAK","display_url":"buff.ly\/1FRrrAK","indices":[96,118]}]},"favorited":false,"retweeted":false,"possibly_sensitive":false,"lang":"en"},"is_quote_status":false,"retweet_count":4,"favorite_count":0,"entities":{"hashtags":[],"symbols":[],"user_mentions":[{"screen_name":"justinfrench","name":"Justin French","id":9254052,"id_str":"9254052","indices":[3,16]},{"screen_name":"envato","name":"Envato","id":16582191,"id_str":"16582191","indices":[72,79]}],"urls":[{"url":"http:\/\/t.co\/gK503fmQzA","expanded_url":"http:\/\/buff.ly\/1FRrrAK","display_url":"buff.ly\/1FRrrAK","indices":[114,136]}]},"favorited":false,"retweeted":false,"possibly_sensitive":false,"lang":"en"},{"created_at":"Mon Jun 01 20:16:18 +0000 2015","id":605467930332143618,"id_str":"605467930332143618","text":"RT @EnvatoMarket: Check out the Winner of our International Flag of Planet Earth Redesign Contest!  http:\/\/t.co\/GCFRTL3AVk http:\/\/t.co\/IXNp\u2026","source":"\u003ca href=\"http:\/\/twitter.com\" rel=\"nofollow\"\u003eTwitter Web Client\u003c\/a\u003e","truncated":false,"in_reply_to_status_id":null,"in_reply_to_status_id_str":null,"in_reply_to_user_id":null,"in_reply_to_user_id_str":null,"in_reply_to_screen_name":null,"user":{"id":16582191,"id_str":"16582191","name":"Envato","screen_name":"envato","location":"Melbourne","description":"Envato is an ecosystem of sites to help you get creative.","url":"http:\/\/t.co\/5OvUThoMWI","entities":{"url":{"urls":[{"url":"http:\/\/t.co\/5OvUThoMWI","expanded_url":"http:\/\/envato.com","display_url":"envato.com","indices":[0,22]}]},"description":{"urls":[]}},"protected":false,"followers_count":52524,"friends_count":589,"listed_count":1836,"created_at":"Fri Oct 03 19:11:51 +0000 2008","favourites_count":324,"utc_offset":36000,"time_zone":"Melbourne","geo_enabled":false,"verified":false,"statuses_count":6763,"lang":"en","contributors_enabled":false,"is_translator":false,"is_translation_enabled":false,"profile_background_color":"323435","profile_background_image_url":"http:\/\/pbs.twimg.com\/profile_background_images\/378800000036129044\/4aaf87e960f30537daa1a0a0c3c4fc31.jpeg","profile_background_image_url_https":"https:\/\/pbs.twimg.com\/profile_background_images\/378800000036129044\/4aaf87e960f30537daa1a0a0c3c4fc31.jpeg","profile_background_tile":false,"profile_image_url":"http:\/\/pbs.twimg.com\/profile_images\/344513261572266825\/1316a31c9c4481517fbb3fca65e96f3d_normal.png","profile_image_url_https":"https:\/\/pbs.twimg.com\/profile_images\/344513261572266825\/1316a31c9c4481517fbb3fca65e96f3d_normal.png","profile_banner_url":"https:\/\/pbs.twimg.com\/profile_banners\/16582191\/1430203572","profile_link_color":"83B449","profile_sidebar_border_color":"FFFFFF","profile_sidebar_fill_color":"6C9450","profile_text_color":"242424","profile_use_background_image":true,"default_profile":false,"default_profile_image":false,"following":false,"follow_request_sent":false,"notifications":false},"geo":null,"coordinates":null,"place":null,"contributors":null,"retweeted_status":{"created_at":"Mon Jun 01 18:30:19 +0000 2015","id":605441259688337409,"id_str":"605441259688337409","text":"Check out the Winner of our International Flag of Planet Earth Redesign Contest!  http:\/\/t.co\/GCFRTL3AVk http:\/\/t.co\/IXNps3diio","source":"\u003ca href=\"http:\/\/bufferapp.com\" rel=\"nofollow\"\u003eBuffer\u003c\/a\u003e","truncated":false,"in_reply_to_status_id":null,"in_reply_to_status_id_str":null,"in_reply_to_user_id":null,"in_reply_to_user_id_str":null,"in_reply_to_screen_name":null,"user":{"id":2508601772,"id_str":"2508601772","name":"Envato Market","screen_name":"EnvatoMarket","location":"","description":"Everything you need for your next creative project. Support Requests: @envato_help","url":"http:\/\/t.co\/AiYz4tB083","entities":{"url":{"urls":[{"url":"http:\/\/t.co\/AiYz4tB083","expanded_url":"http:\/\/market.envato.com\/","display_url":"market.envato.com","indices":[0,22]}]},"description":{"urls":[]}},"protected":false,"followers_count":5128,"friends_count":368,"listed_count":137,"created_at":"Mon May 19 22:23:25 +0000 2014","favourites_count":487,"utc_offset":-25200,"time_zone":"Pacific Time (US & Canada)","geo_enabled":false,"verified":false,"statuses_count":1241,"lang":"en","contributors_enabled":false,"is_translator":false,"is_translation_enabled":false,"profile_background_color":"000000","profile_background_image_url":"http:\/\/abs.twimg.com\/images\/themes\/theme1\/bg.png","profile_background_image_url_https":"https:\/\/abs.twimg.com\/images\/themes\/theme1\/bg.png","profile_background_tile":false,"profile_image_url":"http:\/\/pbs.twimg.com\/profile_images\/528590757364391936\/E6x1XB2I_normal.png","profile_image_url_https":"https:\/\/pbs.twimg.com\/profile_images\/528590757364391936\/E6x1XB2I_normal.png","profile_banner_url":"https:\/\/pbs.twimg.com\/profile_banners\/2508601772\/1432211719","profile_link_color":"81B340","profile_sidebar_border_color":"000000","profile_sidebar_fill_color":"000000","profile_text_color":"000000","profile_use_background_image":false,"default_profile":false,"default_profile_image":false,"following":false,"follow_request_sent":false,"notifications":false},"geo":null,"coordinates":null,"place":null,"contributors":null,"is_quote_status":false,"retweet_count":6,"favorite_count":2,"entities":{"hashtags":[],"symbols":[],"user_mentions":[],"urls":[{"url":"http:\/\/t.co\/GCFRTL3AVk","expanded_url":"http:\/\/enva.to\/7rzH4","display_url":"enva.to\/7rzH4","indices":[82,104]}],"media":[{"id":605441259591888896,"id_str":"605441259591888896","indices":[105,127],"media_url":"http:\/\/pbs.twimg.com\/media\/CGb1nipW8AAwEMf.jpg","media_url_https":"https:\/\/pbs.twimg.com\/media\/CGb1nipW8AAwEMf.jpg","url":"http:\/\/t.co\/IXNps3diio","display_url":"pic.twitter.com\/IXNps3diio","expanded_url":"http:\/\/twitter.com\/EnvatoMarket\/status\/605441259688337409\/photo\/1","type":"photo","sizes":{"medium":{"w":600,"h":218,"resize":"fit"},"thumb":{"w":150,"h":150,"resize":"crop"},"large":{"w":660,"h":240,"resize":"fit"},"small":{"w":340,"h":123,"resize":"fit"}}}]},"extended_entities":{"media":[{"id":605441259591888896,"id_str":"605441259591888896","indices":[105,127],"media_url":"http:\/\/pbs.twimg.com\/media\/CGb1nipW8AAwEMf.jpg","media_url_https":"https:\/\/pbs.twimg.com\/media\/CGb1nipW8AAwEMf.jpg","url":"http:\/\/t.co\/IXNps3diio","display_url":"pic.twitter.com\/IXNps3diio","expanded_url":"http:\/\/twitter.com\/EnvatoMarket\/status\/605441259688337409\/photo\/1","type":"photo","sizes":{"medium":{"w":600,"h":218,"resize":"fit"},"thumb":{"w":150,"h":150,"resize":"crop"},"large":{"w":660,"h":240,"resize":"fit"},"small":{"w":340,"h":123,"resize":"fit"}}}]},"favorited":false,"retweeted":false,"possibly_sensitive":false,"lang":"en"},"is_quote_status":false,"retweet_count":6,"favorite_count":0,"entities":{"hashtags":[],"symbols":[],"user_mentions":[{"screen_name":"EnvatoMarket","name":"Envato Market","id":2508601772,"id_str":"2508601772","indices":[3,16]}],"urls":[{"url":"http:\/\/t.co\/GCFRTL3AVk","expanded_url":"http:\/\/enva.to\/7rzH4","display_url":"enva.to\/7rzH4","indices":[100,122]}],"media":[{"id":605441259591888896,"id_str":"605441259591888896","indices":[123,140],"media_url":"http:\/\/pbs.twimg.com\/media\/CGb1nipW8AAwEMf.jpg","media_url_https":"https:\/\/pbs.twimg.com\/media\/CGb1nipW8AAwEMf.jpg","url":"http:\/\/t.co\/IXNps3diio","display_url":"pic.twitter.com\/IXNps3diio","expanded_url":"http:\/\/twitter.com\/EnvatoMarket\/status\/605441259688337409\/photo\/1","type":"photo","sizes":{"medium":{"w":600,"h":218,"resize":"fit"},"thumb":{"w":150,"h":150,"resize":"crop"},"large":{"w":660,"h":240,"resize":"fit"},"small":{"w":340,"h":123,"resize":"fit"}},"source_status_id":605441259688337409,"source_status_id_str":"605441259688337409","source_user_id":2508601772,"source_user_id_str":"2508601772"}]},"extended_entities":{"media":[{"id":605441259591888896,"id_str":"605441259591888896","indices":[123,140],"media_url":"http:\/\/pbs.twimg.com\/media\/CGb1nipW8AAwEMf.jpg","media_url_https":"https:\/\/pbs.twimg.com\/media\/CGb1nipW8AAwEMf.jpg","url":"http:\/\/t.co\/IXNps3diio","display_url":"pic.twitter.com\/IXNps3diio","expanded_url":"http:\/\/twitter.com\/EnvatoMarket\/status\/605441259688337409\/photo\/1","type":"photo","sizes":{"medium":{"w":600,"h":218,"resize":"fit"},"thumb":{"w":150,"h":150,"resize":"crop"},"large":{"w":660,"h":240,"resize":"fit"},"small":{"w":340,"h":123,"resize":"fit"}},"source_status_id":605441259688337409,"source_status_id_str":"605441259688337409","source_user_id":2508601772,"source_user_id_str":"2508601772"}]},"favorited":false,"retweeted":false,"possibly_sensitive":false,"lang":"en"},{"created_at":"Mon Jun 01 16:52:29 +0000 2015","id":605416639937556481,"id_str":"605416639937556481","text":"Understanding The Power of Story To Build a Product That Sticks http:\/\/t.co\/lxypcTz3Du http:\/\/t.co\/MHyiOnVPij","source":"\u003ca href=\"http:\/\/www.hootsuite.com\" rel=\"nofollow\"\u003eHootsuite\u003c\/a\u003e","truncated":false,"in_reply_to_status_id":null,"in_reply_to_status_id_str":null,"in_reply_to_user_id":null,"in_reply_to_user_id_str":null,"in_reply_to_screen_name":null,"user":{"id":16582191,"id_str":"16582191","name":"Envato","screen_name":"envato","location":"Melbourne","description":"Envato is an ecosystem of sites to help you get creative.","url":"http:\/\/t.co\/5OvUThoMWI","entities":{"url":{"urls":[{"url":"http:\/\/t.co\/5OvUThoMWI","expanded_url":"http:\/\/envato.com","display_url":"envato.com","indices":[0,22]}]},"description":{"urls":[]}},"protected":false,"followers_count":52524,"friends_count":589,"listed_count":1836,"created_at":"Fri Oct 03 19:11:51 +0000 2008","favourites_count":324,"utc_offset":36000,"time_zone":"Melbourne","geo_enabled":false,"verified":false,"statuses_count":6763,"lang":"en","contributors_enabled":false,"is_translator":false,"is_translation_enabled":false,"profile_background_color":"323435","profile_background_image_url":"http:\/\/pbs.twimg.com\/profile_background_images\/378800000036129044\/4aaf87e960f30537daa1a0a0c3c4fc31.jpeg","profile_background_image_url_https":"https:\/\/pbs.twimg.com\/profile_background_images\/378800000036129044\/4aaf87e960f30537daa1a0a0c3c4fc31.jpeg","profile_background_tile":false,"profile_image_url":"http:\/\/pbs.twimg.com\/profile_images\/344513261572266825\/1316a31c9c4481517fbb3fca65e96f3d_normal.png","profile_image_url_https":"https:\/\/pbs.twimg.com\/profile_images\/344513261572266825\/1316a31c9c4481517fbb3fca65e96f3d_normal.png","profile_banner_url":"https:\/\/pbs.twimg.com\/profile_banners\/16582191\/1430203572","profile_link_color":"83B449","profile_sidebar_border_color":"FFFFFF","profile_sidebar_fill_color":"6C9450","profile_text_color":"242424","profile_use_background_image":true,"default_profile":false,"default_profile_image":false,"following":false,"follow_request_sent":false,"notifications":false},"geo":null,"coordinates":null,"place":null,"contributors":null,"is_quote_status":false,"retweet_count":1,"favorite_count":2,"entities":{"hashtags":[],"symbols":[],"user_mentions":[],"urls":[{"url":"http:\/\/t.co\/lxypcTz3Du","expanded_url":"http:\/\/ow.ly\/NIY6j","display_url":"ow.ly\/NIY6j","indices":[64,86]}],"media":[{"id":605416639736254464,"id_str":"605416639736254464","indices":[87,109],"media_url":"http:\/\/pbs.twimg.com\/media\/CGbfOeiXEAAyIGK.png","media_url_https":"https:\/\/pbs.twimg.com\/media\/CGbfOeiXEAAyIGK.png","url":"http:\/\/t.co\/MHyiOnVPij","display_url":"pic.twitter.com\/MHyiOnVPij","expanded_url":"http:\/\/twitter.com\/envato\/status\/605416639937556481\/photo\/1","type":"photo","sizes":{"large":{"w":1024,"h":848,"resize":"fit"},"thumb":{"w":150,"h":150,"resize":"crop"},"medium":{"w":600,"h":496,"resize":"fit"},"small":{"w":340,"h":281,"resize":"fit"}}}]},"extended_entities":{"media":[{"id":605416639736254464,"id_str":"605416639736254464","indices":[87,109],"media_url":"http:\/\/pbs.twimg.com\/media\/CGbfOeiXEAAyIGK.png","media_url_https":"https:\/\/pbs.twimg.com\/media\/CGbfOeiXEAAyIGK.png","url":"http:\/\/t.co\/MHyiOnVPij","display_url":"pic.twitter.com\/MHyiOnVPij","expanded_url":"http:\/\/twitter.com\/envato\/status\/605416639937556481\/photo\/1","type":"photo","sizes":{"large":{"w":1024,"h":848,"resize":"fit"},"thumb":{"w":150,"h":150,"resize":"crop"},"medium":{"w":600,"h":496,"resize":"fit"},"small":{"w":340,"h":281,"resize":"fit"}}}]},"favorited":false,"retweeted":false,"possibly_sensitive":false,"lang":"en"},{"created_at":"Mon Jun 01 09:10:49 +0000 2015","id":605300458656284672,"id_str":"605300458656284672","text":"RT @EnvatoStudio: How Envato Studio Helped @Keegs Launch his new Startup (and get a rad caricature): https:\/\/t.co\/2WbpV0xjPl","source":"\u003ca href=\"http:\/\/twitter.com\" rel=\"nofollow\"\u003eTwitter Web Client\u003c\/a\u003e","truncated":false,"in_reply_to_status_id":null,"in_reply_to_status_id_str":null,"in_reply_to_user_id":null,"in_reply_to_user_id_str":null,"in_reply_to_screen_name":null,"user":{"id":16582191,"id_str":"16582191","name":"Envato","screen_name":"envato","location":"Melbourne","description":"Envato is an ecosystem of sites to help you get creative.","url":"http:\/\/t.co\/5OvUThoMWI","entities":{"url":{"urls":[{"url":"http:\/\/t.co\/5OvUThoMWI","expanded_url":"http:\/\/envato.com","display_url":"envato.com","indices":[0,22]}]},"description":{"urls":[]}},"protected":false,"followers_count":52524,"friends_count":589,"listed_count":1836,"created_at":"Fri Oct 03 19:11:51 +0000 2008","favourites_count":324,"utc_offset":36000,"time_zone":"Melbourne","geo_enabled":false,"verified":false,"statuses_count":6763,"lang":"en","contributors_enabled":false,"is_translator":false,"is_translation_enabled":false,"profile_background_color":"323435","profile_background_image_url":"http:\/\/pbs.twimg.com\/profile_background_images\/378800000036129044\/4aaf87e960f30537daa1a0a0c3c4fc31.jpeg","profile_background_image_url_https":"https:\/\/pbs.twimg.com\/profile_background_images\/378800000036129044\/4aaf87e960f30537daa1a0a0c3c4fc31.jpeg","profile_background_tile":false,"profile_image_url":"http:\/\/pbs.twimg.com\/profile_images\/344513261572266825\/1316a31c9c4481517fbb3fca65e96f3d_normal.png","profile_image_url_https":"https:\/\/pbs.twimg.com\/profile_images\/344513261572266825\/1316a31c9c4481517fbb3fca65e96f3d_normal.png","profile_banner_url":"https:\/\/pbs.twimg.com\/profile_banners\/16582191\/1430203572","profile_link_color":"83B449","profile_sidebar_border_color":"FFFFFF","profile_sidebar_fill_color":"6C9450","profile_text_color":"242424","profile_use_background_image":true,"default_profile":false,"default_profile_image":false,"following":false,"follow_request_sent":false,"notifications":false},"geo":null,"coordinates":null,"place":null,"contributors":null,"retweeted_status":{"created_at":"Mon Jun 01 04:38:08 +0000 2015","id":605231832100163584,"id_str":"605231832100163584","text":"How Envato Studio Helped @Keegs Launch his new Startup (and get a rad caricature): https:\/\/t.co\/2WbpV0xjPl","source":"\u003ca href=\"https:\/\/about.twitter.com\/products\/tweetdeck\" rel=\"nofollow\"\u003eTweetDeck\u003c\/a\u003e","truncated":false,"in_reply_to_status_id":null,"in_reply_to_status_id_str":null,"in_reply_to_user_id":null,"in_reply_to_user_id_str":null,"in_reply_to_screen_name":null,"user":{"id":1199173964,"id_str":"1199173964","name":"Envato Studio","screen_name":"EnvatoStudio","location":"Melbourne, Australia","description":"A community of handpicked developers and designers, available just for you. #envatostudio","url":"http:\/\/t.co\/ejhtG0csIi","entities":{"url":{"urls":[{"url":"http:\/\/t.co\/ejhtG0csIi","expanded_url":"http:\/\/studio.envato.com","display_url":"studio.envato.com","indices":[0,22]}]},"description":{"urls":[]}},"protected":false,"followers_count":3105,"friends_count":158,"listed_count":67,"created_at":"Wed Feb 20 01:11:03 +0000 2013","favourites_count":266,"utc_offset":39600,"time_zone":"New Caledonia","geo_enabled":false,"verified":false,"statuses_count":1351,"lang":"en","contributors_enabled":false,"is_translator":false,"is_translation_enabled":false,"profile_background_color":"323232","profile_background_image_url":"http:\/\/pbs.twimg.com\/profile_background_images\/451515696883585024\/tsbtCjwX.png","profile_background_image_url_https":"https:\/\/pbs.twimg.com\/profile_background_images\/451515696883585024\/tsbtCjwX.png","profile_background_tile":false,"profile_image_url":"http:\/\/pbs.twimg.com\/profile_images\/488893796856254464\/UP9Nd5iI_normal.png","profile_image_url_https":"https:\/\/pbs.twimg.com\/profile_images\/488893796856254464\/UP9Nd5iI_normal.png","profile_banner_url":"https:\/\/pbs.twimg.com\/profile_banners\/1199173964\/1405395743","profile_link_color":"81B641","profile_sidebar_border_color":"000000","profile_sidebar_fill_color":"DDEEF6","profile_text_color":"333333","profile_use_background_image":true,"default_profile":false,"default_profile_image":false,"following":false,"follow_request_sent":false,"notifications":false},"geo":null,"coordinates":null,"place":null,"contributors":null,"is_quote_status":false,"retweet_count":4,"favorite_count":3,"entities":{"hashtags":[],"symbols":[],"user_mentions":[{"screen_name":"keegs","name":"keegs","id":28695097,"id_str":"28695097","indices":[25,31]}],"urls":[{"url":"https:\/\/t.co\/2WbpV0xjPl","expanded_url":"https:\/\/www.youtube.com\/watch?v=i4czp_JxPzA","display_url":"youtube.com\/watch?v=i4czp_\u2026","indices":[83,106]}]},"favorited":false,"retweeted":false,"possibly_sensitive":false,"lang":"en"},"is_quote_status":false,"retweet_count":4,"favorite_count":0,"entities":{"hashtags":[],"symbols":[],"user_mentions":[{"screen_name":"EnvatoStudio","name":"Envato Studio","id":1199173964,"id_str":"1199173964","indices":[3,16]},{"screen_name":"keegs","name":"keegs","id":28695097,"id_str":"28695097","indices":[43,49]}],"urls":[{"url":"https:\/\/t.co\/2WbpV0xjPl","expanded_url":"https:\/\/www.youtube.com\/watch?v=i4czp_JxPzA","display_url":"youtube.com\/watch?v=i4czp_\u2026","indices":[101,124]}]},"favorited":false,"retweeted":false,"possibly_sensitive":false,"lang":"en"},{"created_at":"Mon Jun 01 05:17:04 +0000 2015","id":605241633517363200,"id_str":"605241633517363200","text":"RT @joshjanssen: Radio's very own @keegs uses http:\/\/t.co\/OcwuGmhIRi for his projects https:\/\/t.co\/Kup5yXHbdO","source":"\u003ca href=\"http:\/\/twitter.com\" rel=\"nofollow\"\u003eTwitter Web Client\u003c\/a\u003e","truncated":false,"in_reply_to_status_id":null,"in_reply_to_status_id_str":null,"in_reply_to_user_id":null,"in_reply_to_user_id_str":null,"in_reply_to_screen_name":null,"user":{"id":16582191,"id_str":"16582191","name":"Envato","screen_name":"envato","location":"Melbourne","description":"Envato is an ecosystem of sites to help you get creative.","url":"http:\/\/t.co\/5OvUThoMWI","entities":{"url":{"urls":[{"url":"http:\/\/t.co\/5OvUThoMWI","expanded_url":"http:\/\/envato.com","display_url":"envato.com","indices":[0,22]}]},"description":{"urls":[]}},"protected":false,"followers_count":52524,"friends_count":589,"listed_count":1836,"created_at":"Fri Oct 03 19:11:51 +0000 2008","favourites_count":324,"utc_offset":36000,"time_zone":"Melbourne","geo_enabled":false,"verified":false,"statuses_count":6763,"lang":"en","contributors_enabled":false,"is_translator":false,"is_translation_enabled":false,"profile_background_color":"323435","profile_background_image_url":"http:\/\/pbs.twimg.com\/profile_background_images\/378800000036129044\/4aaf87e960f30537daa1a0a0c3c4fc31.jpeg","profile_background_image_url_https":"https:\/\/pbs.twimg.com\/profile_background_images\/378800000036129044\/4aaf87e960f30537daa1a0a0c3c4fc31.jpeg","profile_background_tile":false,"profile_image_url":"http:\/\/pbs.twimg.com\/profile_images\/344513261572266825\/1316a31c9c4481517fbb3fca65e96f3d_normal.png","profile_image_url_https":"https:\/\/pbs.twimg.com\/profile_images\/344513261572266825\/1316a31c9c4481517fbb3fca65e96f3d_normal.png","profile_banner_url":"https:\/\/pbs.twimg.com\/profile_banners\/16582191\/1430203572","profile_link_color":"83B449","profile_sidebar_border_color":"FFFFFF","profile_sidebar_fill_color":"6C9450","profile_text_color":"242424","profile_use_background_image":true,"default_profile":false,"default_profile_image":false,"following":false,"follow_request_sent":false,"notifications":false},"geo":null,"coordinates":null,"place":null,"contributors":null,"retweeted_status":{"created_at":"Mon Jun 01 03:34:38 +0000 2015","id":605215854121369600,"id_str":"605215854121369600","text":"Radio's very own @keegs uses http:\/\/t.co\/OcwuGmhIRi for his projects https:\/\/t.co\/Kup5yXHbdO","source":"\u003ca href=\"http:\/\/twitter.com\" rel=\"nofollow\"\u003eTwitter Web Client\u003c\/a\u003e","truncated":false,"in_reply_to_status_id":null,"in_reply_to_status_id_str":null,"in_reply_to_user_id":null,"in_reply_to_user_id_str":null,"in_reply_to_screen_name":null,"user":{"id":19959766,"id_str":"19959766","name":"Josh Janssen","screen_name":"joshjanssen","location":"Melbourne, Australia","description":"Hello @JoshSpeaking\n#photography #travel #filmmaking #radio #blogging #selfdevelopment #technology\n\n#Content Lead @Envato","url":"http:\/\/t.co\/zc2GtKnaYO","entities":{"url":{"urls":[{"url":"http:\/\/t.co\/zc2GtKnaYO","expanded_url":"http:\/\/joshjanssen.com","display_url":"joshjanssen.com","indices":[0,22]}]},"description":{"urls":[]}},"protected":false,"followers_count":24312,"friends_count":3406,"listed_count":162,"created_at":"Tue Feb 03 07:58:36 +0000 2009","favourites_count":2259,"utc_offset":36000,"time_zone":"Melbourne","geo_enabled":true,"verified":false,"statuses_count":8480,"lang":"en","contributors_enabled":false,"is_translator":false,"is_translation_enabled":false,"profile_background_color":"C0DEED","profile_background_image_url":"http:\/\/pbs.twimg.com\/profile_background_images\/378800000002483617\/cdc34f1726edd7a24f85246f5abefefd.jpeg","profile_background_image_url_https":"https:\/\/pbs.twimg.com\/profile_background_images\/378800000002483617\/cdc34f1726edd7a24f85246f5abefefd.jpeg","profile_background_tile":true,"profile_image_url":"http:\/\/pbs.twimg.com\/profile_images\/594057049677271040\/9vrKdOCk_normal.jpg","profile_image_url_https":"https:\/\/pbs.twimg.com\/profile_images\/594057049677271040\/9vrKdOCk_normal.jpg","profile_banner_url":"https:\/\/pbs.twimg.com\/profile_banners\/19959766\/1371628559","profile_link_color":"0084B4","profile_sidebar_border_color":"FFFFFF","profile_sidebar_fill_color":"DDEEF6","profile_text_color":"333333","profile_use_background_image":true,"default_profile":false,"default_profile_image":false,"following":false,"follow_request_sent":false,"notifications":false},"geo":null,"coordinates":null,"place":null,"contributors":null,"is_quote_status":false,"retweet_count":5,"favorite_count":2,"entities":{"hashtags":[],"symbols":[],"user_mentions":[{"screen_name":"keegs","name":"keegs","id":28695097,"id_str":"28695097","indices":[17,23]}],"urls":[{"url":"http:\/\/t.co\/OcwuGmhIRi","expanded_url":"http:\/\/studio.envato.com\/","display_url":"studio.envato.com","indices":[29,51]},{"url":"https:\/\/t.co\/Kup5yXHbdO","expanded_url":"https:\/\/www.youtube.com\/watch?v=i4czp_JxPzA","display_url":"youtube.com\/watch?v=i4czp_\u2026","indices":[69,92]}]},"favorited":false,"retweeted":false,"possibly_sensitive":false,"lang":"en"},"is_quote_status":false,"retweet_count":5,"favorite_count":0,"entities":{"hashtags":[],"symbols":[],"user_mentions":[{"screen_name":"joshjanssen","name":"Josh Janssen","id":19959766,"id_str":"19959766","indices":[3,15]},{"screen_name":"keegs","name":"keegs","id":28695097,"id_str":"28695097","indices":[34,40]}],"urls":[{"url":"http:\/\/t.co\/OcwuGmhIRi","expanded_url":"http:\/\/studio.envato.com\/","display_url":"studio.envato.com","indices":[46,68]},{"url":"https:\/\/t.co\/Kup5yXHbdO","expanded_url":"https:\/\/www.youtube.com\/watch?v=i4czp_JxPzA","display_url":"youtube.com\/watch?v=i4czp_\u2026","indices":[86,109]}]},"favorited":false,"retweeted":false,"possibly_sensitive":false,"lang":"en"},{"created_at":"Sun May 31 21:01:49 +0000 2015","id":605116996422877184,"id_str":"605116996422877184","text":"RT @HeyDesigner: Thanks to @envato for sponsoring us this week - Introducing Layers for WordPress http:\/\/t.co\/q0GaQV4pTP","source":"\u003ca href=\"http:\/\/www.hootsuite.com\" rel=\"nofollow\"\u003eHootsuite\u003c\/a\u003e","truncated":false,"in_reply_to_status_id":null,"in_reply_to_status_id_str":null,"in_reply_to_user_id":null,"in_reply_to_user_id_str":null,"in_reply_to_screen_name":null,"user":{"id":16582191,"id_str":"16582191","name":"Envato","screen_name":"envato","location":"Melbourne","description":"Envato is an ecosystem of sites to help you get creative.","url":"http:\/\/t.co\/5OvUThoMWI","entities":{"url":{"urls":[{"url":"http:\/\/t.co\/5OvUThoMWI","expanded_url":"http:\/\/envato.com","display_url":"envato.com","indices":[0,22]}]},"description":{"urls":[]}},"protected":false,"followers_count":52524,"friends_count":589,"listed_count":1836,"created_at":"Fri Oct 03 19:11:51 +0000 2008","favourites_count":324,"utc_offset":36000,"time_zone":"Melbourne","geo_enabled":false,"verified":false,"statuses_count":6763,"lang":"en","contributors_enabled":false,"is_translator":false,"is_translation_enabled":false,"profile_background_color":"323435","profile_background_image_url":"http:\/\/pbs.twimg.com\/profile_background_images\/378800000036129044\/4aaf87e960f30537daa1a0a0c3c4fc31.jpeg","profile_background_image_url_https":"https:\/\/pbs.twimg.com\/profile_background_images\/378800000036129044\/4aaf87e960f30537daa1a0a0c3c4fc31.jpeg","profile_background_tile":false,"profile_image_url":"http:\/\/pbs.twimg.com\/profile_images\/344513261572266825\/1316a31c9c4481517fbb3fca65e96f3d_normal.png","profile_image_url_https":"https:\/\/pbs.twimg.com\/profile_images\/344513261572266825\/1316a31c9c4481517fbb3fca65e96f3d_normal.png","profile_banner_url":"https:\/\/pbs.twimg.com\/profile_banners\/16582191\/1430203572","profile_link_color":"83B449","profile_sidebar_border_color":"FFFFFF","profile_sidebar_fill_color":"6C9450","profile_text_color":"242424","profile_use_background_image":true,"default_profile":false,"default_profile_image":false,"following":false,"follow_request_sent":false,"notifications":false},"geo":null,"coordinates":null,"place":null,"contributors":null,"retweeted_status":{"created_at":"Sun May 31 19:01:40 +0000 2015","id":605086760448704515,"id_str":"605086760448704515","text":"Thanks to @envato for sponsoring us this week - Introducing Layers for WordPress http:\/\/t.co\/q0GaQV4pTP","source":"\u003ca href=\"http:\/\/bufferapp.com\" rel=\"nofollow\"\u003eBuffer\u003c\/a\u003e","truncated":false,"in_reply_to_status_id":null,"in_reply_to_status_id_str":null,"in_reply_to_user_id":null,"in_reply_to_user_id_str":null,"in_reply_to_screen_name":null,"user":{"id":564493814,"id_str":"564493814","name":"HeyDesigner","screen_name":"HeyDesigner","location":"","description":"Curated articles and resources for web designers and developers.","url":"http:\/\/t.co\/rjy6TjSlLM","entities":{"url":{"urls":[{"url":"http:\/\/t.co\/rjy6TjSlLM","expanded_url":"http:\/\/heydesigner.com","display_url":"heydesigner.com","indices":[0,22]}]},"description":{"urls":[]}},"protected":false,"followers_count":60644,"friends_count":365,"listed_count":2310,"created_at":"Fri Apr 27 10:56:21 +0000 2012","favourites_count":375,"utc_offset":7200,"time_zone":"Budapest","geo_enabled":false,"verified":false,"statuses_count":8461,"lang":"en","contributors_enabled":false,"is_translator":false,"is_translation_enabled":false,"profile_background_color":"1A1B1F","profile_background_image_url":"http:\/\/abs.twimg.com\/images\/themes\/theme9\/bg.gif","profile_background_image_url_https":"https:\/\/abs.twimg.com\/images\/themes\/theme9\/bg.gif","profile_background_tile":false,"profile_image_url":"http:\/\/pbs.twimg.com\/profile_images\/378800000146835558\/1db521035efa27c23cd3d17b501faaff_normal.png","profile_image_url_https":"https:\/\/pbs.twimg.com\/profile_images\/378800000146835558\/1db521035efa27c23cd3d17b501faaff_normal.png","profile_banner_url":"https:\/\/pbs.twimg.com\/profile_banners\/564493814\/1412431955","profile_link_color":"2ECC71","profile_sidebar_border_color":"FFFFFF","profile_sidebar_fill_color":"252429","profile_text_color":"666666","profile_use_background_image":true,"default_profile":false,"default_profile_image":false,"following":false,"follow_request_sent":false,"notifications":false},"geo":null,"coordinates":null,"place":null,"contributors":null,"is_quote_status":false,"retweet_count":7,"favorite_count":7,"entities":{"hashtags":[],"symbols":[],"user_mentions":[{"screen_name":"envato","name":"Envato","id":16582191,"id_str":"16582191","indices":[10,17]}],"urls":[{"url":"http:\/\/t.co\/q0GaQV4pTP","expanded_url":"http:\/\/synd.co\/1PBlVK4","display_url":"synd.co\/1PBlVK4","indices":[81,103]}]},"favorited":false,"retweeted":false,"possibly_sensitive":false,"lang":"en"},"is_quote_status":false,"retweet_count":7,"favorite_count":0,"entities":{"hashtags":[],"symbols":[],"user_mentions":[{"screen_name":"HeyDesigner","name":"HeyDesigner","id":564493814,"id_str":"564493814","indices":[3,15]},{"screen_name":"envato","name":"Envato","id":16582191,"id_str":"16582191","indices":[27,34]}],"urls":[{"url":"http:\/\/t.co\/q0GaQV4pTP","expanded_url":"http:\/\/synd.co\/1PBlVK4","display_url":"synd.co\/1PBlVK4","indices":[98,120]}]},"favorited":false,"retweeted":false,"possibly_sensitive":false,"lang":"en"},{"created_at":"Fri May 29 06:35:50 +0000 2015","id":604174290750169088,"id_str":"604174290750169088","text":"RT @bordy_7: Hack week prize - chocolate course. Chocolate mousse with hand cut @envato logo! http:\/\/t.co\/8u4rkWAk0U","source":"\u003ca href=\"http:\/\/www.hootsuite.com\" rel=\"nofollow\"\u003eHootsuite\u003c\/a\u003e","truncated":false,"in_reply_to_status_id":null,"in_reply_to_status_id_str":null,"in_reply_to_user_id":null,"in_reply_to_user_id_str":null,"in_reply_to_screen_name":null,"user":{"id":16582191,"id_str":"16582191","name":"Envato","screen_name":"envato","location":"Melbourne","description":"Envato is an ecosystem of sites to help you get creative.","url":"http:\/\/t.co\/5OvUThoMWI","entities":{"url":{"urls":[{"url":"http:\/\/t.co\/5OvUThoMWI","expanded_url":"http:\/\/envato.com","display_url":"envato.com","indices":[0,22]}]},"description":{"urls":[]}},"protected":false,"followers_count":52524,"friends_count":589,"listed_count":1836,"created_at":"Fri Oct 03 19:11:51 +0000 2008","favourites_count":324,"utc_offset":36000,"time_zone":"Melbourne","geo_enabled":false,"verified":false,"statuses_count":6763,"lang":"en","contributors_enabled":false,"is_translator":false,"is_translation_enabled":false,"profile_background_color":"323435","profile_background_image_url":"http:\/\/pbs.twimg.com\/profile_background_images\/378800000036129044\/4aaf87e960f30537daa1a0a0c3c4fc31.jpeg","profile_background_image_url_https":"https:\/\/pbs.twimg.com\/profile_background_images\/378800000036129044\/4aaf87e960f30537daa1a0a0c3c4fc31.jpeg","profile_background_tile":false,"profile_image_url":"http:\/\/pbs.twimg.com\/profile_images\/344513261572266825\/1316a31c9c4481517fbb3fca65e96f3d_normal.png","profile_image_url_https":"https:\/\/pbs.twimg.com\/profile_images\/344513261572266825\/1316a31c9c4481517fbb3fca65e96f3d_normal.png","profile_banner_url":"https:\/\/pbs.twimg.com\/profile_banners\/16582191\/1430203572","profile_link_color":"83B449","profile_sidebar_border_color":"FFFFFF","profile_sidebar_fill_color":"6C9450","profile_text_color":"242424","profile_use_background_image":true,"default_profile":false,"default_profile_image":false,"following":false,"follow_request_sent":false,"notifications":false},"geo":null,"coordinates":null,"place":null,"contributors":null,"retweeted_status":{"created_at":"Fri May 29 06:03:54 +0000 2015","id":604166255260520449,"id_str":"604166255260520449","text":"Hack week prize - chocolate course. Chocolate mousse with hand cut @envato logo! http:\/\/t.co\/8u4rkWAk0U","source":"\u003ca href=\"http:\/\/twitter.com\/download\/iphone\" rel=\"nofollow\"\u003eTwitter for iPhone\u003c\/a\u003e","truncated":false,"in_reply_to_status_id":null,"in_reply_to_status_id_str":null,"in_reply_to_user_id":null,"in_reply_to_user_id_str":null,"in_reply_to_screen_name":null,"user":{"id":22099303,"id_str":"22099303","name":"Anthony Bordonaro","screen_name":"bordy_7","location":"Melbourne, Victoria, Australia","description":"Front End Web developer @envato in Melbourne, Australia. AFL, Green Tea and good times!","url":"http:\/\/t.co\/u78Chxj5Md","entities":{"url":{"urls":[{"url":"http:\/\/t.co\/u78Chxj5Md","expanded_url":"http:\/\/www.anthb.com","display_url":"anthb.com","indices":[0,22]}]},"description":{"urls":[]}},"protected":false,"followers_count":269,"friends_count":516,"listed_count":13,"created_at":"Fri Feb 27 02:56:53 +0000 2009","favourites_count":58,"utc_offset":36000,"time_zone":"Brisbane","geo_enabled":false,"verified":false,"statuses_count":935,"lang":"en","contributors_enabled":false,"is_translator":false,"is_translation_enabled":false,"profile_background_color":"C0DEED","profile_background_image_url":"http:\/\/pbs.twimg.com\/profile_background_images\/556563259\/super-mario.jpg","profile_background_image_url_https":"https:\/\/pbs.twimg.com\/profile_background_images\/556563259\/super-mario.jpg","profile_background_tile":true,"profile_image_url":"http:\/\/pbs.twimg.com\/profile_images\/582041895435550720\/npyoNMcl_normal.jpg","profile_image_url_https":"https:\/\/pbs.twimg.com\/profile_images\/582041895435550720\/npyoNMcl_normal.jpg","profile_banner_url":"https:\/\/pbs.twimg.com\/profile_banners\/22099303\/1400932865","profile_link_color":"4A913C","profile_sidebar_border_color":"C0DEED","profile_sidebar_fill_color":"DDEEF6","profile_text_color":"333333","profile_use_background_image":true,"default_profile":false,"default_profile_image":false,"following":false,"follow_request_sent":false,"notifications":false},"geo":null,"coordinates":null,"place":null,"contributors":null,"is_quote_status":false,"retweet_count":6,"favorite_count":12,"entities":{"hashtags":[],"symbols":[],"user_mentions":[{"screen_name":"envato","name":"Envato","id":16582191,"id_str":"16582191","indices":[67,74]}],"urls":[],"media":[{"id":604166243797450752,"id_str":"604166243797450752","indices":[81,103],"media_url":"http:\/\/pbs.twimg.com\/media\/CGJt_2rUQAA8Gr1.jpg","media_url_https":"https:\/\/pbs.twimg.com\/media\/CGJt_2rUQAA8Gr1.jpg","url":"http:\/\/t.co\/8u4rkWAk0U","display_url":"pic.twitter.com\/8u4rkWAk0U","expanded_url":"http:\/\/twitter.com\/bordy_7\/status\/604166255260520449\/photo\/1","type":"photo","sizes":{"small":{"w":340,"h":453,"resize":"fit"},"medium":{"w":600,"h":800,"resize":"fit"},"thumb":{"w":150,"h":150,"resize":"crop"},"large":{"w":768,"h":1024,"resize":"fit"}}}]},"extended_entities":{"media":[{"id":604166243797450752,"id_str":"604166243797450752","indices":[81,103],"media_url":"http:\/\/pbs.twimg.com\/media\/CGJt_2rUQAA8Gr1.jpg","media_url_https":"https:\/\/pbs.twimg.com\/media\/CGJt_2rUQAA8Gr1.jpg","url":"http:\/\/t.co\/8u4rkWAk0U","display_url":"pic.twitter.com\/8u4rkWAk0U","expanded_url":"http:\/\/twitter.com\/bordy_7\/status\/604166255260520449\/photo\/1","type":"photo","sizes":{"small":{"w":340,"h":453,"resize":"fit"},"medium":{"w":600,"h":800,"resize":"fit"},"thumb":{"w":150,"h":150,"resize":"crop"},"large":{"w":768,"h":1024,"resize":"fit"}}}]},"favorited":false,"retweeted":false,"possibly_sensitive":false,"lang":"en"},"is_quote_status":false,"retweet_count":6,"favorite_count":0,"entities":{"hashtags":[],"symbols":[],"user_mentions":[{"screen_name":"bordy_7","name":"Anthony Bordonaro","id":22099303,"id_str":"22099303","indices":[3,11]},{"screen_name":"envato","name":"Envato","id":16582191,"id_str":"16582191","indices":[80,87]}],"urls":[],"media":[{"id":604166243797450752,"id_str":"604166243797450752","indices":[94,116],"media_url":"http:\/\/pbs.twimg.com\/media\/CGJt_2rUQAA8Gr1.jpg","media_url_https":"https:\/\/pbs.twimg.com\/media\/CGJt_2rUQAA8Gr1.jpg","url":"http:\/\/t.co\/8u4rkWAk0U","display_url":"pic.twitter.com\/8u4rkWAk0U","expanded_url":"http:\/\/twitter.com\/bordy_7\/status\/604166255260520449\/photo\/1","type":"photo","sizes":{"small":{"w":340,"h":453,"resize":"fit"},"medium":{"w":600,"h":800,"resize":"fit"},"thumb":{"w":150,"h":150,"resize":"crop"},"large":{"w":768,"h":1024,"resize":"fit"}},"source_status_id":604166255260520449,"source_status_id_str":"604166255260520449","source_user_id":22099303,"source_user_id_str":"22099303"}]},"extended_entities":{"media":[{"id":604166243797450752,"id_str":"604166243797450752","indices":[94,116],"media_url":"http:\/\/pbs.twimg.com\/media\/CGJt_2rUQAA8Gr1.jpg","media_url_https":"https:\/\/pbs.twimg.com\/media\/CGJt_2rUQAA8Gr1.jpg","url":"http:\/\/t.co\/8u4rkWAk0U","display_url":"pic.twitter.com\/8u4rkWAk0U","expanded_url":"http:\/\/twitter.com\/bordy_7\/status\/604166255260520449\/photo\/1","type":"photo","sizes":{"small":{"w":340,"h":453,"resize":"fit"},"medium":{"w":600,"h":800,"resize":"fit"},"thumb":{"w":150,"h":150,"resize":"crop"},"large":{"w":768,"h":1024,"resize":"fit"}},"source_status_id":604166255260520449,"source_status_id_str":"604166255260520449","source_user_id":22099303,"source_user_id_str":"22099303"}]},"favorited":false,"retweeted":false,"possibly_sensitive":false,"lang":"en"},{"created_at":"Fri May 29 06:35:21 +0000 2015","id":604174170495262721,"id_str":"604174170495262721","text":"RT @ShristiSharma_: Really enjoyed the #femalefounders panel @envato last night. Starting the day thinking: What are the 50 things that I r\u2026","source":"\u003ca href=\"http:\/\/www.hootsuite.com\" rel=\"nofollow\"\u003eHootsuite\u003c\/a\u003e","truncated":false,"in_reply_to_status_id":null,"in_reply_to_status_id_str":null,"in_reply_to_user_id":null,"in_reply_to_user_id_str":null,"in_reply_to_screen_name":null,"user":{"id":16582191,"id_str":"16582191","name":"Envato","screen_name":"envato","location":"Melbourne","description":"Envato is an ecosystem of sites to help you get creative.","url":"http:\/\/t.co\/5OvUThoMWI","entities":{"url":{"urls":[{"url":"http:\/\/t.co\/5OvUThoMWI","expanded_url":"http:\/\/envato.com","display_url":"envato.com","indices":[0,22]}]},"description":{"urls":[]}},"protected":false,"followers_count":52524,"friends_count":589,"listed_count":1836,"created_at":"Fri Oct 03 19:11:51 +0000 2008","favourites_count":324,"utc_offset":36000,"time_zone":"Melbourne","geo_enabled":false,"verified":false,"statuses_count":6763,"lang":"en","contributors_enabled":false,"is_translator":false,"is_translation_enabled":false,"profile_background_color":"323435","profile_background_image_url":"http:\/\/pbs.twimg.com\/profile_background_images\/378800000036129044\/4aaf87e960f30537daa1a0a0c3c4fc31.jpeg","profile_background_image_url_https":"https:\/\/pbs.twimg.com\/profile_background_images\/378800000036129044\/4aaf87e960f30537daa1a0a0c3c4fc31.jpeg","profile_background_tile":false,"profile_image_url":"http:\/\/pbs.twimg.com\/profile_images\/344513261572266825\/1316a31c9c4481517fbb3fca65e96f3d_normal.png","profile_image_url_https":"https:\/\/pbs.twimg.com\/profile_images\/344513261572266825\/1316a31c9c4481517fbb3fca65e96f3d_normal.png","profile_banner_url":"https:\/\/pbs.twimg.com\/profile_banners\/16582191\/1430203572","profile_link_color":"83B449","profile_sidebar_border_color":"FFFFFF","profile_sidebar_fill_color":"6C9450","profile_text_color":"242424","profile_use_background_image":true,"default_profile":false,"default_profile_image":false,"following":false,"follow_request_sent":false,"notifications":false},"geo":null,"coordinates":null,"place":null,"contributors":null,"retweeted_status":{"created_at":"Fri May 29 01:09:17 +0000 2015","id":604092112385105920,"id_str":"604092112385105920","text":"Really enjoyed the #femalefounders panel @envato last night. Starting the day thinking: What are the 50 things that I really believe?","source":"\u003ca href=\"http:\/\/twitter.com\" rel=\"nofollow\"\u003eTwitter Web Client\u003c\/a\u003e","truncated":false,"in_reply_to_status_id":null,"in_reply_to_status_id_str":null,"in_reply_to_user_id":null,"in_reply_to_user_id_str":null,"in_reply_to_screen_name":null,"user":{"id":1044009930,"id_str":"1044009930","name":"Shristi Sharma","screen_name":"ShristiSharma_","location":"Melbourne, Australia","description":"I make stuff, and work with companies and startups to help them make stuff. Always learning. Sky diver, startup founder, robot maker, investor.","url":"http:\/\/t.co\/ARQI3S3fdT","entities":{"url":{"urls":[{"url":"http:\/\/t.co\/ARQI3S3fdT","expanded_url":"http:\/\/www.bossable.com","display_url":"bossable.com","indices":[0,22]}]},"description":{"urls":[]}},"protected":false,"followers_count":374,"friends_count":278,"listed_count":31,"created_at":"Sat Dec 29 06:36:45 +0000 2012","favourites_count":49,"utc_offset":36000,"time_zone":"Melbourne","geo_enabled":false,"verified":false,"statuses_count":442,"lang":"en","contributors_enabled":false,"is_translator":false,"is_translation_enabled":false,"profile_background_color":"B2DFDA","profile_background_image_url":"http:\/\/abs.twimg.com\/images\/themes\/theme13\/bg.gif","profile_background_image_url_https":"https:\/\/abs.twimg.com\/images\/themes\/theme13\/bg.gif","profile_background_tile":false,"profile_image_url":"http:\/\/pbs.twimg.com\/profile_images\/500990289364791297\/UOs0-F4D_normal.jpeg","profile_image_url_https":"https:\/\/pbs.twimg.com\/profile_images\/500990289364791297\/UOs0-F4D_normal.jpeg","profile_banner_url":"https:\/\/pbs.twimg.com\/profile_banners\/1044009930\/1432733661","profile_link_color":"C749A5","profile_sidebar_border_color":"EEEEEE","profile_sidebar_fill_color":"FFFFFF","profile_text_color":"333333","profile_use_background_image":true,"default_profile":false,"default_profile_image":false,"following":false,"follow_request_sent":false,"notifications":false},"geo":null,"coordinates":null,"place":null,"contributors":null,"is_quote_status":false,"retweet_count":1,"favorite_count":3,"entities":{"hashtags":[{"text":"femalefounders","indices":[19,34]}],"symbols":[],"user_mentions":[{"screen_name":"envato","name":"Envato","id":16582191,"id_str":"16582191","indices":[41,48]}],"urls":[]},"favorited":false,"retweeted":false,"lang":"en"},"is_quote_status":false,"retweet_count":1,"favorite_count":0,"entities":{"hashtags":[{"text":"femalefounders","indices":[39,54]}],"symbols":[],"user_mentions":[{"screen_name":"ShristiSharma_","name":"Shristi Sharma","id":1044009930,"id_str":"1044009930","indices":[3,18]},{"screen_name":"envato","name":"Envato","id":16582191,"id_str":"16582191","indices":[61,68]}],"urls":[]},"favorited":false,"retweeted":false,"lang":"en"},{"created_at":"Thu May 28 23:46:26 +0000 2015","id":604071259509559296,"id_str":"604071259509559296","text":"RT @EnvatoMarket: Did someone positively impact your experience, as part of our community? Let us know! http:\/\/t.co\/ocs6DPieNn http:\/\/t.co\/\u2026","source":"\u003ca href=\"http:\/\/twitter.com\" rel=\"nofollow\"\u003eTwitter Web Client\u003c\/a\u003e","truncated":false,"in_reply_to_status_id":null,"in_reply_to_status_id_str":null,"in_reply_to_user_id":null,"in_reply_to_user_id_str":null,"in_reply_to_screen_name":null,"user":{"id":16582191,"id_str":"16582191","name":"Envato","screen_name":"envato","location":"Melbourne","description":"Envato is an ecosystem of sites to help you get creative.","url":"http:\/\/t.co\/5OvUThoMWI","entities":{"url":{"urls":[{"url":"http:\/\/t.co\/5OvUThoMWI","expanded_url":"http:\/\/envato.com","display_url":"envato.com","indices":[0,22]}]},"description":{"urls":[]}},"protected":false,"followers_count":52524,"friends_count":589,"listed_count":1836,"created_at":"Fri Oct 03 19:11:51 +0000 2008","favourites_count":324,"utc_offset":36000,"time_zone":"Melbourne","geo_enabled":false,"verified":false,"statuses_count":6763,"lang":"en","contributors_enabled":false,"is_translator":false,"is_translation_enabled":false,"profile_background_color":"323435","profile_background_image_url":"http:\/\/pbs.twimg.com\/profile_background_images\/378800000036129044\/4aaf87e960f30537daa1a0a0c3c4fc31.jpeg","profile_background_image_url_https":"https:\/\/pbs.twimg.com\/profile_background_images\/378800000036129044\/4aaf87e960f30537daa1a0a0c3c4fc31.jpeg","profile_background_tile":false,"profile_image_url":"http:\/\/pbs.twimg.com\/profile_images\/344513261572266825\/1316a31c9c4481517fbb3fca65e96f3d_normal.png","profile_image_url_https":"https:\/\/pbs.twimg.com\/profile_images\/344513261572266825\/1316a31c9c4481517fbb3fca65e96f3d_normal.png","profile_banner_url":"https:\/\/pbs.twimg.com\/profile_banners\/16582191\/1430203572","profile_link_color":"83B449","profile_sidebar_border_color":"FFFFFF","profile_sidebar_fill_color":"6C9450","profile_text_color":"242424","profile_use_background_image":true,"default_profile":false,"default_profile_image":false,"following":false,"follow_request_sent":false,"notifications":false},"geo":null,"coordinates":null,"place":null,"contributors":null,"retweeted_status":{"created_at":"Thu May 28 21:55:01 +0000 2015","id":604043220725698562,"id_str":"604043220725698562","text":"Did someone positively impact your experience, as part of our community? Let us know! http:\/\/t.co\/ocs6DPieNn http:\/\/t.co\/fN7UzikHTW","source":"\u003ca href=\"http:\/\/bufferapp.com\" rel=\"nofollow\"\u003eBuffer\u003c\/a\u003e","truncated":false,"in_reply_to_status_id":null,"in_reply_to_status_id_str":null,"in_reply_to_user_id":null,"in_reply_to_user_id_str":null,"in_reply_to_screen_name":null,"user":{"id":2508601772,"id_str":"2508601772","name":"Envato Market","screen_name":"EnvatoMarket","location":"","description":"Everything you need for your next creative project. Support Requests: @envato_help","url":"http:\/\/t.co\/AiYz4tB083","entities":{"url":{"urls":[{"url":"http:\/\/t.co\/AiYz4tB083","expanded_url":"http:\/\/market.envato.com\/","display_url":"market.envato.com","indices":[0,22]}]},"description":{"urls":[]}},"protected":false,"followers_count":5128,"friends_count":368,"listed_count":137,"created_at":"Mon May 19 22:23:25 +0000 2014","favourites_count":487,"utc_offset":-25200,"time_zone":"Pacific Time (US & Canada)","geo_enabled":false,"verified":false,"statuses_count":1241,"lang":"en","contributors_enabled":false,"is_translator":false,"is_translation_enabled":false,"profile_background_color":"000000","profile_background_image_url":"http:\/\/abs.twimg.com\/images\/themes\/theme1\/bg.png","profile_background_image_url_https":"https:\/\/abs.twimg.com\/images\/themes\/theme1\/bg.png","profile_background_tile":false,"profile_image_url":"http:\/\/pbs.twimg.com\/profile_images\/528590757364391936\/E6x1XB2I_normal.png","profile_image_url_https":"https:\/\/pbs.twimg.com\/profile_images\/528590757364391936\/E6x1XB2I_normal.png","profile_banner_url":"https:\/\/pbs.twimg.com\/profile_banners\/2508601772\/1432211719","profile_link_color":"81B340","profile_sidebar_border_color":"000000","profile_sidebar_fill_color":"000000","profile_text_color":"000000","profile_use_background_image":false,"default_profile":false,"default_profile_image":false,"following":false,"follow_request_sent":false,"notifications":false},"geo":null,"coordinates":null,"place":null,"contributors":null,"is_quote_status":false,"retweet_count":4,"favorite_count":2,"entities":{"hashtags":[],"symbols":[],"user_mentions":[],"urls":[{"url":"http:\/\/t.co\/ocs6DPieNn","expanded_url":"http:\/\/enva.to\/Wd-Wb","display_url":"enva.to\/Wd-Wb","indices":[86,108]}],"media":[{"id":604043220583092224,"id_str":"604043220583092224","indices":[109,131],"media_url":"http:\/\/pbs.twimg.com\/media\/CGH-G9fWkAA9z4-.jpg","media_url_https":"https:\/\/pbs.twimg.com\/media\/CGH-G9fWkAA9z4-.jpg","url":"http:\/\/t.co\/fN7UzikHTW","display_url":"pic.twitter.com\/fN7UzikHTW","expanded_url":"http:\/\/twitter.com\/EnvatoMarket\/status\/604043220725698562\/photo\/1","type":"photo","sizes":{"large":{"w":504,"h":504,"resize":"fit"},"small":{"w":340,"h":340,"resize":"fit"},"thumb":{"w":150,"h":150,"resize":"crop"},"medium":{"w":504,"h":504,"resize":"fit"}}}]},"extended_entities":{"media":[{"id":604043220583092224,"id_str":"604043220583092224","indices":[109,131],"media_url":"http:\/\/pbs.twimg.com\/media\/CGH-G9fWkAA9z4-.jpg","media_url_https":"https:\/\/pbs.twimg.com\/media\/CGH-G9fWkAA9z4-.jpg","url":"http:\/\/t.co\/fN7UzikHTW","display_url":"pic.twitter.com\/fN7UzikHTW","expanded_url":"http:\/\/twitter.com\/EnvatoMarket\/status\/604043220725698562\/photo\/1","type":"photo","sizes":{"large":{"w":504,"h":504,"resize":"fit"},"small":{"w":340,"h":340,"resize":"fit"},"thumb":{"w":150,"h":150,"resize":"crop"},"medium":{"w":504,"h":504,"resize":"fit"}}}]},"favorited":false,"retweeted":false,"possibly_sensitive":false,"lang":"en"},"is_quote_status":false,"retweet_count":4,"favorite_count":0,"entities":{"hashtags":[],"symbols":[],"user_mentions":[{"screen_name":"EnvatoMarket","name":"Envato Market","id":2508601772,"id_str":"2508601772","indices":[3,16]}],"urls":[{"url":"http:\/\/t.co\/ocs6DPieNn","expanded_url":"http:\/\/enva.to\/Wd-Wb","display_url":"enva.to\/Wd-Wb","indices":[104,126]}],"media":[{"id":604043220583092224,"id_str":"604043220583092224","indices":[127,140],"media_url":"http:\/\/pbs.twimg.com\/media\/CGH-G9fWkAA9z4-.jpg","media_url_https":"https:\/\/pbs.twimg.com\/media\/CGH-G9fWkAA9z4-.jpg","url":"http:\/\/t.co\/fN7UzikHTW","display_url":"pic.twitter.com\/fN7UzikHTW","expanded_url":"http:\/\/twitter.com\/EnvatoMarket\/status\/604043220725698562\/photo\/1","type":"photo","sizes":{"large":{"w":504,"h":504,"resize":"fit"},"small":{"w":340,"h":340,"resize":"fit"},"thumb":{"w":150,"h":150,"resize":"crop"},"medium":{"w":504,"h":504,"resize":"fit"}},"source_status_id":604043220725698562,"source_status_id_str":"604043220725698562","source_user_id":2508601772,"source_user_id_str":"2508601772"}]},"extended_entities":{"media":[{"id":604043220583092224,"id_str":"604043220583092224","indices":[127,140],"media_url":"http:\/\/pbs.twimg.com\/media\/CGH-G9fWkAA9z4-.jpg","media_url_https":"https:\/\/pbs.twimg.com\/media\/CGH-G9fWkAA9z4-.jpg","url":"http:\/\/t.co\/fN7UzikHTW","display_url":"pic.twitter.com\/fN7UzikHTW","expanded_url":"http:\/\/twitter.com\/EnvatoMarket\/status\/604043220725698562\/photo\/1","type":"photo","sizes":{"large":{"w":504,"h":504,"resize":"fit"},"small":{"w":340,"h":340,"resize":"fit"},"thumb":{"w":150,"h":150,"resize":"crop"},"medium":{"w":504,"h":504,"resize":"fit"}},"source_status_id":604043220725698562,"source_status_id_str":"604043220725698562","source_user_id":2508601772,"source_user_id_str":"2508601772"}]},"favorited":false,"retweeted":false,"possibly_sensitive":false,"lang":"en"}]