[{"created_at":"Tue Jun 02 10:58:20 +0000 2015","id":605689900827045889,"id_str":"605689900827045889","text":"RT @EnvatoMarket: Our latest Wallpaper Design Contest is live! Current theme is 'Urban'. Check it out! http:\/\/t.co\/YLDezcbpUt http:\/\/t.co\/2\u2026","source":"\u003ca href=\"http:\/\/twitter.com\" rel=\"nofollow\"\u003eTwitter Web Client\u003c\/a\u003e","truncated":false,"in_reply_to_status_id":null,"in_reply_to_status_id_str":null,"in_reply_to_user_id":null,"in_reply_to_user_id_str":null,"in_reply_to_screen_name":null,"user":{"id":16582191,"id_str":"16582191","name":"Envato","screen_name":"envato","location":"Melbourne","description":"Envato is an ecosystem of sites to help you get creative.","url":"http:\/\/t.co\/5OvUThoMWI","entities":{"url":{"urls":[{"url":"http:\/\/t.co\/5OvUThoMWI","expanded_url":"http:\/\/envato.com","display_url":"envato.com","indices":[0,22]}]},"description":{"urls":[]}},"protected":false,"followers_count":52525,"friends_count":589,"listed_count":1836,"created_at":"Fri Oct 03 19:11:51 +0000 2008","favourites_count":324,"utc_offset":36000,"time_zone":"Melbourne","geo_enabled":false,"verified":false,"statuses_count":6763,"lang":"en","contributors_enabled":false,"is_translator":false,"is_translation_enabled":false,"profile_background_color":"323435","profile_background_image_url":"http:\/\/pbs.twimg.com\/profile_background_images\/378800000036129044\/4aaf87e960f30537daa1a0a0c3c4fc31.jpeg","profile_background_image_url_https":"https:\/\/pbs.twimg.com\/profile_background_images\/378800000036129044\/4aaf87e960f30537daa1a0a0c3c4fc31.jpeg","profile_background_tile":false,"profile_image_url":"http:\/\/pbs.twimg.com\/profile_images\/344513261572266825\/1316a31c9c4481517fbb3fca65e96f3d_normal.png","profile_image_url_https":"https:\/\/pbs.twimg.com\/profile_images\/344513261572266825\/1316a31c9c4481517fbb3fca65e96f3d_normal.png","profile_banner_url":"https:\/\/pbs.twimg.com\/profile_banners\/16582191\/1430203572","profile_link_color":"83B449","profile_sidebar_border_color":"FFFFFF","profile_sidebar_fill_color":"6C9450","profile_text_color":"242424","profile_use_background_image":true,"default_profile":false,"default_profile_image":false,"following":false,"follow_request_sent":false,"notifications":false},"geo":null,"coordinates":null,"place":null,"contributors":null,"retweeted_status":{"created_at":"Tue Jun 02 05:23:00 +0000 2015","id":605605513208983552,"id_str":"605605513208983552","text":"Our latest Wallpaper Design Contest is live! Current theme is 'Urban'. Check it out! http:\/\/t.co\/YLDezcbpUt http:\/\/t.co\/2HwgWq1Ta9","source":"\u003ca href=\"http:\/\/bufferapp.com\" rel=\"nofollow\"\u003eBuffer\u003c\/a\u003e","truncated":false,"in_reply_to_status_id":null,"in_reply_to_status_id_str":null,"in_reply_to_user_id":null,"in_reply_to_user_id_str":null,"in_reply_to_screen_name":null,"user":{"id":2508601772,"id_str":"2508601772","name":"Envato Market","screen_name":"EnvatoMarket","location":"","description":"Everything you need for your next creative project. Support Requests: @envato_help","url":"http:\/\/t.co\/AiYz4tB083","entities":{"url":{"urls":[{"url":"http:\/\/t.co\/AiYz4tB083","expanded_url":"http:\/\/market.envato.com\/","display_url":"market.envato.com","indices":[0,22]}]},"description":{"urls":[]}},"protected":false,"followers_count":5129,"friends_count":368,"listed_count":137,"created_at":"Mon May 19 22:23:25 +0000 2014","favourites_count":487,"utc_offset":-25200,"time_zone":"Pacific Time (US & Canada)","geo_enabled":false,"verified":false,"statuses_count":1242,"lang":"en","contributors_enabled":false,"is_translator":false,"is_translation_enabled":false,"profile_background_color":"000000","profile_background_image_url":"http:\/\/abs.twimg.com\/images\/themes\/theme1\/bg.png","profile_background_image_url_https":"https:\/\/abs.twimg.com\/images\/themes\/theme1\/bg.png","profile_background_tile":false,"profile_image_url":"http:\/\/pbs.twimg.com\/profile_images\/528590757364391936\/E6x1XB2I_normal.png","profile_image_url_https":"https:\/\/pbs.twimg.com\/profile_images\/528590757364391936\/E6x1XB2I_normal.png","profile_banner_url":"https:\/\/pbs.twimg.com\/profile_banners\/2508601772\/1432211719","profile_link_color":"81B340","profile_sidebar_border_color":"000000","profile_sidebar_fill_color":"000000","profile_text_color":"000000","profile_use_background_image":false,"default_profile":false,"default_profile_image":false,"following":false,"follow_request_sent":false,"notifications":false},"geo":null,"coordinates":null,"place":null,"contributors":null,"is_quote_status":false,"retweet_count":3,"favorite_count":4,"entities":{"hashtags":[],"symbols":[],"user_mentions":[],"urls":[{"url":"http:\/\/t.co\/YLDezcbpUt","expanded_url":"http:\/\/enva.to\/urban","display_url":"enva.to\/urban","indices":[85,107]}],"media":[{"id":605605513150263296,"id_str":"605605513150263296","indices":[108,130],"media_url":"http:\/\/pbs.twimg.com\/media\/CGeLAW1W8AARAO4.jpg","media_url_https":"https:\/\/pbs.twimg.com\/media\/CGeLAW1W8AARAO4.jpg","url":"http:\/\/t.co\/2HwgWq1Ta9","display_url":"pic.twitter.com\/2HwgWq1Ta9","expanded_url":"http:\/\/twitter.com\/EnvatoMarket\/status\/605605513208983552\/photo\/1","type":"photo","sizes":{"thumb":{"w":150,"h":150,"resize":"crop"},"large":{"w":525,"h":260,"resize":"fit"},"small":{"w":340,"h":168,"resize":"fit"},"medium":{"w":525,"h":260,"resize":"fit"}}}]},"extended_entities":{"media":[{"id":605605513150263296,"id_str":"605605513150263296","indices":[108,130],"media_url":"http:\/\/pbs.twimg.com\/media\/CGeLAW1W8AARAO4.jpg","media_url_https":"https:\/\/pbs.twimg.com\/media\/CGeLAW1W8AARAO4.jpg","url":"http:\/\/t.co\/2HwgWq1Ta9","display_url":"pic.twitter.com\/2HwgWq1Ta9","expanded_url":"http:\/\/twitter.com\/EnvatoMarket\/status\/605605513208983552\/photo\/1","type":"photo","sizes":{"thumb":{"w":150,"h":150,"resize":"crop"},"large":{"w":525,"h":260,"resize":"fit"},"small":{"w":340,"h":168,"resize":"fit"},"medium":{"w":525,"h":260,"resize":"fit"}}}]},"favorited":false,"retweeted":false,"possibly_sensitive":false,"lang":"en"},"is_quote_status":false,"retweet_count":3,"favorite_count":0,"entities":{"hashtags":[],"symbols":[],"user_mentions":[{"screen_name":"EnvatoMarket","name":"Envato Market","id":2508601772,"id_str":"2508601772","indices":[3,16]}],"urls":[{"url":"http:\/\/t.co\/YLDezcbpUt","expanded_url":"http:\/\/enva.to\/urban","display_url":"enva.to\/urban","indices":[103,125]}],"media":[{"id":605605513150263296,"id_str":"605605513150263296","indices":[126,140],"media_url":"http:\/\/pbs.twimg.com\/media\/CGeLAW1W8AARAO4.jpg","media_url_https":"https:\/\/pbs.twimg.com\/media\/CGeLAW1W8AARAO4.jpg","url":"http:\/\/t.co\/2HwgWq1Ta9","display_url":"pic.twitter.com\/2HwgWq1Ta9","expanded_url":"http:\/\/twitter.com\/EnvatoMarket\/status\/605605513208983552\/photo\/1","type":"photo","sizes":{"thumb":{"w":150,"h":150,"resize":"crop"},"large":{"w":525,"h":260,"resize":"fit"},"small":{"w":340,"h":168,"resize":"fit"},"medium":{"w":525,"h":260,"resize":"fit"}},"source_status_id":605605513208983552,"source_status_id_str":"605605513208983552","source_user_id":2508601772,"source_user_id_str":"2508601772"}]},"extended_entities":{"media":[{"id":605605513150263296,"id_str":"605605513150263296","indices":[126,140],"media_url":"http:\/\/pbs.twimg.com\/media\/CGeLAW1W8AARAO4.jpg","media_url_https":"https:\/\/pbs.twimg.com\/media\/CGeLAW1W8AARAO4.jpg","url":"http:\/\/t.co\/2HwgWq1Ta9","display_url":"pic.twitter.com\/2HwgWq1Ta9","expanded_url":"http:\/\/twitter.com\/EnvatoMarket\/status\/605605513208983552\/photo\/1","type":"photo","sizes":{"thumb":{"w":150,"h":150,"resize":"crop"},"large":{"w":525,"h":260,"resize":"fit"},"small":{"w":340,"h":168,"resize":"fit"},"medium":{"w":525,"h":260,"resize":"fit"}},"source_status_id":605605513208983552,"source_status_id_str":"605605513208983552","source_user_id":2508601772,"source_user_id_str":"2508601772"}]},"favorited":false,"retweeted":false,"possibly_sensitive":false,"lang":"en"},{"created_at":"Tue Jun 02 05:22:29 +0000 2015","id":605605383709859840,"id_str":"605605383709859840","text":"RT @justinfrench: Frequently in awe of the talent and capability in the @envato team. You should totally join us. http:\/\/t.co\/gK503fmQzA","source":"\u003ca href=\"http:\/\/www.hootsuite.com\" rel=\"nofollow\"\u003eHootsuite\u003c\/a\u003e","truncated":false,"in_reply_to_status_id":null,"in_reply_to_status_id_str":null,"in_reply_to_user_id":null,"in_reply_to_user_id_str":null,"in_reply_to_screen_name":null,"user":{"id":16582191,"id_str":"16582191","name":"Envato","screen_name":"envato","location":"Melbourne","description":"Envato is an ecosystem of sites to help you get creative.","url":"http:\/\/t.co\/5OvUThoMWI","entities":{"url":{"urls":[{"url":"http:\/\/t.co\/5OvUThoMWI","expanded_url":"http:\/\/envato.com","display_url":"envato.com","indices":[0,22]}]},"description":{"urls":[]}},"protected":false,"followers_count":52525,"friends_count":589,"listed_count":1836,"created_at":"Fri Oct 03 19:11:51 +0000 2008","favourites_count":324,"utc_offset":36000,"time_zone":"Melbourne","geo_enabled":false,"verified":false,"statuses_count":6763,"lang":"en","contributors_enabled":false,"is_translator":false,"is_translation_enabled":false,"profile_background_color":"323435","profile_background_image_url":"http:\/\/pbs.twimg.com\/profile_background_images\/378800000036129044\/4aaf87e960f30537daa1a0a0c3c4fc31.jpeg","profile_background_image_url_https":"https:\/\/pbs.twimg.com\/profile_background_images\/378800000036129044\/4aaf87e960f30537daa1a0a0c3c4fc31.jpeg","profile_background_tile":false,"profile_image_url":"http:\/\/pbs.twimg.com\/profile_images\/344513261572266825\/1316a31c9c4481517fbb3fca65e96f3d_normal.png","profile_image_url_https":"https:\/\/pbs.twimg.com\/profile_images\/344513261572266825\/1316a31c9c4481517fbb3fca65e96f3d_normal.png","profile_banner_url":"https:\/\/pbs.twimg.com\/profile_banners\/16582191\/1430203572","profile_link_color":"83B449","profile_sidebar_border_color":"FFFFFF","profile_sidebar_fill_color":"6C9450","profile_text_color":"242424","profile_use_background_image":true,"default_profile":false,"default_profile_image":false,"following":false,"follow_request_sent":false,"notifications":false},"geo":null,"coordinates":null,"place":null,"contributors":null,"retweeted_status":{"created_at":"Tue Jun 02 04:08:49 +0000 2015","id":605586842516340736,"id_str":"605586842516340736","text":"Frequently in awe of the talent and capability in the @envato team. You should totally join us. http:\/\/t.co\/gK503fmQzA","source":"\u003ca href=\"http:\/\/bufferapp.com\" rel=\"nofollow\"\u003eBuffer\u003c\/a\u003e","truncated":false,"in_reply_to_status_id":null,"in_reply_to_status_id_str":null,"in_reply_to_user_id":null,"in_reply_to_user_id_str":null,"in_reply_to_screen_name":null,"user":{"id":9254052,"id_str":"9254052","name":"Justin French","screen_name":"justinfrench","location":"Melbourne, Australia","description":"Designer, Product Manager, Ruby Tinkerer. I work with @envato and procrastinate with @teesetter.","url":"http:\/\/t.co\/Mrg7qXh4Xg","entities":{"url":{"urls":[{"url":"http:\/\/t.co\/Mrg7qXh4Xg","expanded_url":"http:\/\/justinfrench.com","display_url":"justinfrench.com","indices":[0,22]}]},"description":{"urls":[]}},"protected":false,"followers_count":1380,"friends_count":318,"listed_count":108,"created_at":"Thu Oct 04 23:00:47 +0000 2007","favourites_count":180,"utc_offset":36000,"time_zone":"Melbourne","geo_enabled":true,"verified":false,"statuses_count":10083,"lang":"en","contributors_enabled":false,"is_translator":false,"is_translation_enabled":false,"profile_background_color":"FFFFFF","profile_background_image_url":"http:\/\/abs.twimg.com\/images\/themes\/theme14\/bg.gif","profile_background_image_url_https":"https:\/\/abs.twimg.com\/images\/themes\/theme14\/bg.gif","profile_background_tile":true,"profile_image_url":"http:\/\/pbs.twimg.com\/profile_images\/499036283767758848\/cj5Bp2Jd_normal.jpeg","profile_image_url_https":"https:\/\/pbs.twimg.com\/profile_images\/499036283767758848\/cj5Bp2Jd_normal.jpeg","profile_banner_url":"https:\/\/pbs.twimg.com\/profile_banners\/9254052\/1403160268","profile_link_color":"65AAED","profile_sidebar_border_color":"FFFFFF","profile_sidebar_fill_color":"EFEFEF","profile_text_color":"333333","profile_use_background_image":false,"default_profile":false,"default_profile_image":false,"following":false,"follow_request_sent":false,"notifications":false},"geo":null,"coordinates":null,"place":null,"contributors":null,"is_quote_status":false,"retweet_count":4,"favorite_count":1,"entities":{"hashtags":[],"symbols":[],"user_mentions":[{"screen_name":"envato","name":"Envato","id":16582191,"id_str":"16582191","indices":[54,61]}],"urls":[{"url":"http:\/\/t.co\/gK503fmQzA","expanded_url":"http:\/\/buff.ly\/1FRrrAK","display_url":"buff.ly\/1FRrrAK","indices":[96,118]}]},"favorited":false,"retweeted":false,"possibly_sensitive":false,"lang":"en"},"is_quote_status":false,"retweet_count":4,"favorite_count":0,"entities":{"hashtags":[],"symbols":[],"user_mentions":[{"screen_name":"justinfrench","name":"Justin French","id":9254052,"id_str":"9254052","indices":[3,16]},{"screen_name":"envato","name":"Envato","id":16582191,"id_str":"16582191","indices":[72,79]}],"urls":[{"url":"http:\/\/t.co\/gK503fmQzA","expanded_url":"http:\/\/buff.ly\/1FRrrAK","display_url":"buff.ly\/1FRrrAK","indices":[114,136]}]},"favorited":false,"retweeted":false,"possibly_sensitive":false,"lang":"en"}]