[{"created_at":"Sat Feb 28 21:03:04 +0000 2015","id":571777628513943552,"id_str":"571777628513943552","text":"RT @davemcfarland: Practice your JavaScript skills on this Elevator \"simulator\": http:\/\/t.co\/SQjd6wcLkC","source":"\u003ca href=\"http:\/\/bufferapp.com\" rel=\"nofollow\"\u003eBuffer\u003c\/a\u003e","truncated":false,"in_reply_to_status_id":null,"in_reply_to_status_id_str":null,"in_reply_to_user_id":null,"in_reply_to_user_id_str":null,"in_reply_to_screen_name":null,"user":{"id":16582191,"id_str":"16582191","name":"Envato","screen_name":"envato","location":"Melbourne","profile_location":null,"description":"Envato is an ecosystem of sites to help you get creative.\n\nSupport Requests: @envato_help","url":"http:\/\/t.co\/5OvUThoMWI","entities":{"url":{"urls":[{"url":"http:\/\/t.co\/5OvUThoMWI","expanded_url":"http:\/\/envato.com","display_url":"envato.com","indices":[0,22]}]},"description":{"urls":[]}},"protected":false,"followers_count":50455,"friends_count":552,"listed_count":1787,"created_at":"Fri Oct 03 19:11:51 +0000 2008","favourites_count":302,"utc_offset":39600,"time_zone":"Melbourne","geo_enabled":false,"verified":false,"statuses_count":6269,"lang":"en","contributors_enabled":false,"is_translator":false,"is_translation_enabled":false,"profile_background_color":"323435","profile_background_image_url":"http:\/\/pbs.twimg.com\/profile_background_images\/378800000036129044\/4aaf87e960f30537daa1a0a0c3c4fc31.jpeg","profile_background_image_url_https":"https:\/\/pbs.twimg.com\/profile_background_images\/378800000036129044\/4aaf87e960f30537daa1a0a0c3c4fc31.jpeg","profile_background_tile":false,"profile_image_url":"http:\/\/pbs.twimg.com\/profile_images\/344513261572266825\/1316a31c9c4481517fbb3fca65e96f3d_normal.png","profile_image_url_https":"https:\/\/pbs.twimg.com\/profile_images\/344513261572266825\/1316a31c9c4481517fbb3fca65e96f3d_normal.png","profile_banner_url":"https:\/\/pbs.twimg.com\/profile_banners\/16582191\/1398308277","profile_link_color":"83B449","profile_sidebar_border_color":"FFFFFF","profile_sidebar_fill_color":"6C9450","profile_text_color":"242424","profile_use_background_image":true,"default_profile":false,"default_profile_image":false,"following":false,"follow_request_sent":false,"notifications":false},"geo":null,"coordinates":null,"place":null,"contributors":null,"retweeted_status":{"created_at":"Mon Jan 26 23:21:00 +0000 2015","id":559853539330392064,"id_str":"559853539330392064","text":"Practice your JavaScript skills on this Elevator \"simulator\": http:\/\/t.co\/SQjd6wcLkC","source":"\u003ca href=\"http:\/\/itunes.apple.com\/us\/app\/twitter\/id409789998?mt=12\" rel=\"nofollow\"\u003eTwitter for Mac\u003c\/a\u003e","truncated":false,"in_reply_to_status_id":null,"in_reply_to_status_id_str":null,"in_reply_to_user_id":null,"in_reply_to_user_id_str":null,"in_reply_to_screen_name":null,"user":{"id":15442781,"id_str":"15442781","name":"Dave McFarland","screen_name":"davemcfarland","location":"Portland, OR","profile_location":null,"description":"Web developer, author of CSS: The Missing Manual, JavaScript & jQuery: The Missing Manual, and teacher at Treehouse.","url":"http:\/\/t.co\/u9JvXgx5Gi","entities":{"url":{"urls":[{"url":"http:\/\/t.co\/u9JvXgx5Gi","expanded_url":"http:\/\/sawmac.com","display_url":"sawmac.com","indices":[0,22]}]},"description":{"urls":[]}},"protected":false,"followers_count":2227,"friends_count":347,"listed_count":157,"created_at":"Tue Jul 15 17:00:35 +0000 2008","favourites_count":404,"utc_offset":-28800,"time_zone":"Pacific Time (US & Canada)","geo_enabled":true,"verified":false,"statuses_count":2284,"lang":"en","contributors_enabled":false,"is_translator":false,"is_translation_enabled":false,"profile_background_color":"C0DEED","profile_background_image_url":"http:\/\/abs.twimg.com\/images\/themes\/theme1\/bg.png","profile_background_image_url_https":"https:\/\/abs.twimg.com\/images\/themes\/theme1\/bg.png","profile_background_tile":false,"profile_image_url":"http:\/\/pbs.twimg.com\/profile_images\/525690273490153472\/nuhAi0fX_normal.png","profile_image_url_https":"https:\/\/pbs.twimg.com\/profile_images\/525690273490153472\/nuhAi0fX_normal.png","profile_link_color":"0084B4","profile_sidebar_border_color":"C0DEED","profile_sidebar_fill_color":"DDEEF6","profile_text_color":"333333","profile_use_background_image":true,"default_profile":true,"default_profile_image":false,"following":false,"follow_request_sent":false,"notifications":false},"geo":null,"coordinates":null,"place":null,"contributors":null,"retweet_count":76,"favorite_count":184,"entities":{"hashtags":[],"symbols":[],"user_mentions":[],"urls":[{"url":"http:\/\/t.co\/SQjd6wcLkC","expanded_url":"http:\/\/play.elevatorsaga.com\/","display_url":"play.elevatorsaga.com","indices":[62,84]}]},"favorited":false,"retweeted":false,"possibly_sensitive":false,"lang":"en"},"retweet_count":76,"favorite_count":0,"entities":{"hashtags":[],"symbols":[],"user_mentions":[{"screen_name":"davemcfarland","name":"Dave McFarland","id":15442781,"id_str":"15442781","indices":[3,17]}],"urls":[{"url":"http:\/\/t.co\/SQjd6wcLkC","expanded_url":"http:\/\/play.elevatorsaga.com\/","display_url":"play.elevatorsaga.com","indices":[81,103]}]},"favorited":false,"retweeted":false,"possibly_sensitive":false,"lang":"en"},{"created_at":"Fri Feb 27 21:00:12 +0000 2015","id":571414519794278400,"id_str":"571414519794278400","text":"RT @jakek: How to run your own Google Ventures design sprint \u2013 check out my article on FastCo http:\/\/t.co\/u7oa7iYYWK","source":"\u003ca href=\"http:\/\/bufferapp.com\" rel=\"nofollow\"\u003eBuffer\u003c\/a\u003e","truncated":false,"in_reply_to_status_id":null,"in_reply_to_status_id_str":null,"in_reply_to_user_id":null,"in_reply_to_user_id_str":null,"in_reply_to_screen_name":null,"user":{"id":16582191,"id_str":"16582191","name":"Envato","screen_name":"envato","location":"Melbourne","profile_location":null,"description":"Envato is an ecosystem of sites to help you get creative.\n\nSupport Requests: @envato_help","url":"http:\/\/t.co\/5OvUThoMWI","entities":{"url":{"urls":[{"url":"http:\/\/t.co\/5OvUThoMWI","expanded_url":"http:\/\/envato.com","display_url":"envato.com","indices":[0,22]}]},"description":{"urls":[]}},"protected":false,"followers_count":50455,"friends_count":552,"listed_count":1787,"created_at":"Fri Oct 03 19:11:51 +0000 2008","favourites_count":302,"utc_offset":39600,"time_zone":"Melbourne","geo_enabled":false,"verified":false,"statuses_count":6269,"lang":"en","contributors_enabled":false,"is_translator":false,"is_translation_enabled":false,"profile_background_color":"323435","profile_background_image_url":"http:\/\/pbs.twimg.com\/profile_background_images\/378800000036129044\/4aaf87e960f30537daa1a0a0c3c4fc31.jpeg","profile_background_image_url_https":"https:\/\/pbs.twimg.com\/profile_background_images\/378800000036129044\/4aaf87e960f30537daa1a0a0c3c4fc31.jpeg","profile_background_tile":false,"profile_image_url":"http:\/\/pbs.twimg.com\/profile_images\/344513261572266825\/1316a31c9c4481517fbb3fca65e96f3d_normal.png","profile_image_url_https":"https:\/\/pbs.twimg.com\/profile_images\/344513261572266825\/1316a31c9c4481517fbb3fca65e96f3d_normal.png","profile_banner_url":"https:\/\/pbs.twimg.com\/profile_banners\/16582191\/1398308277","profile_link_color":"83B449","profile_sidebar_border_color":"FFFFFF","profile_sidebar_fill_color":"6C9450","profile_text_color":"242424","profile_use_background_image":true,"default_profile":false,"default_profile_image":false,"following":false,"follow_request_sent":false,"notifications":false},"geo":null,"coordinates":null,"place":null,"contributors":null,"retweeted_status":{"created_at":"Mon Jun 24 19:50:30 +0000 2013","id":349253216850034688,"id_str":"349253216850034688","text":"How to run your own Google Ventures design sprint \u2013 check out my article on FastCo http:\/\/t.co\/u7oa7iYYWK","source":"\u003ca href=\"http:\/\/twitter.com\" rel=\"nofollow\"\u003eTwitter Web Client\u003c\/a\u003e","truncated":false,"in_reply_to_status_id":null,"in_reply_to_status_id_str":null,"in_reply_to_user_id":null,"in_reply_to_user_id_str":null,"in_reply_to_screen_name":null,"user":{"id":703643,"id_str":"703643","name":"Jake Knapp","screen_name":"jakek","location":"San Francisco","profile_location":null,"description":"Design partner at Google Ventures.","url":"http:\/\/t.co\/CVmv05ocV6","entities":{"url":{"urls":[{"url":"http:\/\/t.co\/CVmv05ocV6","expanded_url":"http:\/\/about.me\/jakeknapp","display_url":"about.me\/jakeknapp","indices":[0,22]}]},"description":{"urls":[]}},"protected":false,"followers_count":9269,"friends_count":162,"listed_count":305,"created_at":"Thu Jan 25 20:51:47 +0000 2007","favourites_count":718,"utc_offset":-28800,"time_zone":"Pacific Time (US & Canada)","geo_enabled":true,"verified":false,"statuses_count":594,"lang":"en","contributors_enabled":false,"is_translator":false,"is_translation_enabled":false,"profile_background_color":"9AE4E8","profile_background_image_url":"http:\/\/abs.twimg.com\/images\/themes\/theme1\/bg.png","profile_background_image_url_https":"https:\/\/abs.twimg.com\/images\/themes\/theme1\/bg.png","profile_background_tile":false,"profile_image_url":"http:\/\/pbs.twimg.com\/profile_images\/467182596707741696\/vx7eoqyc_normal.jpeg","profile_image_url_https":"https:\/\/pbs.twimg.com\/profile_images\/467182596707741696\/vx7eoqyc_normal.jpeg","profile_banner_url":"https:\/\/pbs.twimg.com\/profile_banners\/703643\/1398394848","profile_link_color":"964202","profile_sidebar_border_color":"87BC44","profile_sidebar_fill_color":"E0FF92","profile_text_color":"000000","profile_use_background_image":true,"default_profile":false,"default_profile_image":false,"following":false,"follow_request_sent":false,"notifications":false},"geo":null,"coordinates":null,"place":null,"contributors":null,"retweet_count":48,"favorite_count":67,"entities":{"hashtags":[],"symbols":[],"user_mentions":[],"urls":[{"url":"http:\/\/t.co\/u7oa7iYYWK","expanded_url":"http:\/\/bit.ly\/googsprint","display_url":"bit.ly\/googsprint","indices":[83,105]}]},"favorited":false,"retweeted":false,"possibly_sensitive":false,"lang":"en"},"retweet_count":48,"favorite_count":0,"entities":{"hashtags":[],"symbols":[],"user_mentions":[{"screen_name":"jakek","name":"Jake Knapp","id":703643,"id_str":"703643","indices":[3,9]}],"urls":[{"url":"http:\/\/t.co\/u7oa7iYYWK","expanded_url":"http:\/\/bit.ly\/googsprint","display_url":"bit.ly\/googsprint","indices":[94,116]}]},"favorited":false,"retweeted":false,"possibly_sensitive":false,"lang":"en"},{"created_at":"Fri Feb 27 16:41:10 +0000 2015","id":571349332768780288,"id_str":"571349332768780288","text":"A Case for Use Cases by @shevauncoker http:\/\/t.co\/26NUsNCdho http:\/\/t.co\/wX9ZHNHq32","source":"\u003ca href=\"http:\/\/bufferapp.com\" rel=\"nofollow\"\u003eBuffer\u003c\/a\u003e","truncated":false,"in_reply_to_status_id":null,"in_reply_to_status_id_str":null,"in_reply_to_user_id":null,"in_reply_to_user_id_str":null,"in_reply_to_screen_name":null,"user":{"id":16582191,"id_str":"16582191","name":"Envato","screen_name":"envato","location":"Melbourne","profile_location":null,"description":"Envato is an ecosystem of sites to help you get creative.\n\nSupport Requests: @envato_help","url":"http:\/\/t.co\/5OvUThoMWI","entities":{"url":{"urls":[{"url":"http:\/\/t.co\/5OvUThoMWI","expanded_url":"http:\/\/envato.com","display_url":"envato.com","indices":[0,22]}]},"description":{"urls":[]}},"protected":false,"followers_count":50455,"friends_count":552,"listed_count":1787,"created_at":"Fri Oct 03 19:11:51 +0000 2008","favourites_count":302,"utc_offset":39600,"time_zone":"Melbourne","geo_enabled":false,"verified":false,"statuses_count":6269,"lang":"en","contributors_enabled":false,"is_translator":false,"is_translation_enabled":false,"profile_background_color":"323435","profile_background_image_url":"http:\/\/pbs.twimg.com\/profile_background_images\/378800000036129044\/4aaf87e960f30537daa1a0a0c3c4fc31.jpeg","profile_background_image_url_https":"https:\/\/pbs.twimg.com\/profile_background_images\/378800000036129044\/4aaf87e960f30537daa1a0a0c3c4fc31.jpeg","profile_background_tile":false,"profile_image_url":"http:\/\/pbs.twimg.com\/profile_images\/344513261572266825\/1316a31c9c4481517fbb3fca65e96f3d_normal.png","profile_image_url_https":"https:\/\/pbs.twimg.com\/profile_images\/344513261572266825\/1316a31c9c4481517fbb3fca65e96f3d_normal.png","profile_banner_url":"https:\/\/pbs.twimg.com\/profile_banners\/16582191\/1398308277","profile_link_color":"83B449","profile_sidebar_border_color":"FFFFFF","profile_sidebar_fill_color":"6C9450","profile_text_color":"242424","profile_use_background_image":true,"default_profile":false,"default_profile_image":false,"following":false,"follow_request_sent":false,"notifications":false},"geo":null,"coordinates":null,"place":null,"contributors":null,"retweet_count":3,"favorite_count":2,"entities":{"hashtags":[],"symbols":[],"user_mentions":[{"screen_name":"shevauncoker","name":"Shevaun Coker","id":26902491,"id_str":"26902491","indices":[24,37]}],"urls":[{"url":"http:\/\/t.co\/26NUsNCdho","expanded_url":"http:\/\/buff.ly\/1Acg43q","display_url":"buff.ly\/1Acg43q","indices":[38,60]}],"media":[{"id":571349332697468929,"id_str":"571349332697468929","indices":[61,83],"media_url":"http:\/\/pbs.twimg.com\/media\/B-3XMOIW0AEDX0_.png","media_url_https":"https:\/\/pbs.twimg.com\/media\/B-3XMOIW0AEDX0_.png","url":"http:\/\/t.co\/wX9ZHNHq32","display_url":"pic.twitter.com\/wX9ZHNHq32","expanded_url":"http:\/\/twitter.com\/envato\/status\/571349332768780288\/photo\/1","type":"photo","sizes":{"medium":{"w":600,"h":371,"resize":"fit"},"thumb":{"w":150,"h":150,"resize":"crop"},"small":{"w":340,"h":210,"resize":"fit"},"large":{"w":715,"h":443,"resize":"fit"}}}]},"extended_entities":{"media":[{"id":571349332697468929,"id_str":"571349332697468929","indices":[61,83],"media_url":"http:\/\/pbs.twimg.com\/media\/B-3XMOIW0AEDX0_.png","media_url_https":"https:\/\/pbs.twimg.com\/media\/B-3XMOIW0AEDX0_.png","url":"http:\/\/t.co\/wX9ZHNHq32","display_url":"pic.twitter.com\/wX9ZHNHq32","expanded_url":"http:\/\/twitter.com\/envato\/status\/571349332768780288\/photo\/1","type":"photo","sizes":{"medium":{"w":600,"h":371,"resize":"fit"},"thumb":{"w":150,"h":150,"resize":"crop"},"small":{"w":340,"h":210,"resize":"fit"},"large":{"w":715,"h":443,"resize":"fit"}}}]},"favorited":false,"retweeted":false,"possibly_sensitive":false,"lang":"en"}]