[{"created_at":"Wed May 13 22:05:40 +0000 2015","id":598610084411920384,"id_str":"598610084411920384","text":"You can know talk directly with @Tutsplus instructors to learn new skills &amp; improve knowledge! http:\/\/t.co\/epw5LUXh4E http:\/\/t.co\/YI8qdAgxfg","source":"\u003ca href=\"http:\/\/www.hootsuite.com\" rel=\"nofollow\"\u003eHootsuite\u003c\/a\u003e","truncated":false,"in_reply_to_status_id":null,"in_reply_to_status_id_str":null,"in_reply_to_user_id":null,"in_reply_to_user_id_str":null,"in_reply_to_screen_name":null,"user":{"id":16582191,"id_str":"16582191","name":"Envato","screen_name":"envato","location":"Melbourne","description":"Envato is an ecosystem of sites to help you get creative.","url":"http:\/\/t.co\/5OvUThoMWI","entities":{"url":{"urls":[{"url":"http:\/\/t.co\/5OvUThoMWI","expanded_url":"http:\/\/envato.com","display_url":"envato.com","indices":[0,22]}]},"description":{"urls":[]}},"protected":false,"followers_count":52159,"friends_count":585,"listed_count":1829,"created_at":"Fri Oct 03 19:11:51 +0000 2008","favourites_count":324,"utc_offset":36000,"time_zone":"Melbourne","geo_enabled":false,"verified":false,"statuses_count":6706,"lang":"en","contributors_enabled":false,"is_translator":false,"is_translation_enabled":false,"profile_background_color":"323435","profile_background_image_url":"http:\/\/pbs.twimg.com\/profile_background_images\/378800000036129044\/4aaf87e960f30537daa1a0a0c3c4fc31.jpeg","profile_background_image_url_https":"https:\/\/pbs.twimg.com\/profile_background_images\/378800000036129044\/4aaf87e960f30537daa1a0a0c3c4fc31.jpeg","profile_background_tile":false,"profile_image_url":"http:\/\/pbs.twimg.com\/profile_images\/344513261572266825\/1316a31c9c4481517fbb3fca65e96f3d_normal.png","profile_image_url_https":"https:\/\/pbs.twimg.com\/profile_images\/344513261572266825\/1316a31c9c4481517fbb3fca65e96f3d_normal.png","profile_banner_url":"https:\/\/pbs.twimg.com\/profile_banners\/16582191\/1430203572","profile_link_color":"83B449","profile_sidebar_border_color":"FFFFFF","profile_sidebar_fill_color":"6C9450","profile_text_color":"242424","profile_use_background_image":true,"default_profile":false,"default_profile_image":false,"following":false,"follow_request_sent":false,"notifications":false},"geo":null,"coordinates":null,"place":null,"contributors":null,"retweet_count":5,"favorite_count":7,"entities":{"hashtags":[],"symbols":[],"user_mentions":[{"screen_name":"tutsplus","name":"Tuts+","id":17163743,"id_str":"17163743","indices":[32,41]}],"urls":[{"url":"http:\/\/t.co\/epw5LUXh4E","expanded_url":"http:\/\/enva.to\/TutsExperts","display_url":"enva.to\/TutsExperts","indices":[99,121]}],"media":[{"id":598610084218933248,"id_str":"598610084218933248","indices":[122,144],"media_url":"http:\/\/pbs.twimg.com\/media\/CE6wszTWEAAn-6B.png","media_url_https":"https:\/\/pbs.twimg.com\/media\/CE6wszTWEAAn-6B.png","url":"http:\/\/t.co\/YI8qdAgxfg","display_url":"pic.twitter.com\/YI8qdAgxfg","expanded_url":"http:\/\/twitter.com\/envato\/status\/598610084411920384\/photo\/1","type":"photo","sizes":{"small":{"w":340,"h":121,"resize":"fit"},"thumb":{"w":150,"h":150,"resize":"crop"},"large":{"w":550,"h":196,"resize":"fit"},"medium":{"w":550,"h":196,"resize":"fit"}}}]},"extended_entities":{"media":[{"id":598610084218933248,"id_str":"598610084218933248","indices":[122,144],"media_url":"http:\/\/pbs.twimg.com\/media\/CE6wszTWEAAn-6B.png","media_url_https":"https:\/\/pbs.twimg.com\/media\/CE6wszTWEAAn-6B.png","url":"http:\/\/t.co\/YI8qdAgxfg","display_url":"pic.twitter.com\/YI8qdAgxfg","expanded_url":"http:\/\/twitter.com\/envato\/status\/598610084411920384\/photo\/1","type":"photo","sizes":{"small":{"w":340,"h":121,"resize":"fit"},"thumb":{"w":150,"h":150,"resize":"crop"},"large":{"w":550,"h":196,"resize":"fit"},"medium":{"w":550,"h":196,"resize":"fit"}}}]},"favorited":false,"retweeted":false,"possibly_sensitive":false,"lang":"en"},{"created_at":"Wed May 13 17:07:16 +0000 2015","id":598534988351561728,"id_str":"598534988351561728","text":"There're only a few days left to buy the Indie Font Bundle - Better grab it while you can! http:\/\/t.co\/9RICwXUy9q http:\/\/t.co\/xZSCZTAiQY","source":"\u003ca href=\"http:\/\/www.hootsuite.com\" rel=\"nofollow\"\u003eHootsuite\u003c\/a\u003e","truncated":false,"in_reply_to_status_id":null,"in_reply_to_status_id_str":null,"in_reply_to_user_id":null,"in_reply_to_user_id_str":null,"in_reply_to_screen_name":null,"user":{"id":16582191,"id_str":"16582191","name":"Envato","screen_name":"envato","location":"Melbourne","description":"Envato is an ecosystem of sites to help you get creative.","url":"http:\/\/t.co\/5OvUThoMWI","entities":{"url":{"urls":[{"url":"http:\/\/t.co\/5OvUThoMWI","expanded_url":"http:\/\/envato.com","display_url":"envato.com","indices":[0,22]}]},"description":{"urls":[]}},"protected":false,"followers_count":52159,"friends_count":585,"listed_count":1829,"created_at":"Fri Oct 03 19:11:51 +0000 2008","favourites_count":324,"utc_offset":36000,"time_zone":"Melbourne","geo_enabled":false,"verified":false,"statuses_count":6706,"lang":"en","contributors_enabled":false,"is_translator":false,"is_translation_enabled":false,"profile_background_color":"323435","profile_background_image_url":"http:\/\/pbs.twimg.com\/profile_background_images\/378800000036129044\/4aaf87e960f30537daa1a0a0c3c4fc31.jpeg","profile_background_image_url_https":"https:\/\/pbs.twimg.com\/profile_background_images\/378800000036129044\/4aaf87e960f30537daa1a0a0c3c4fc31.jpeg","profile_background_tile":false,"profile_image_url":"http:\/\/pbs.twimg.com\/profile_images\/344513261572266825\/1316a31c9c4481517fbb3fca65e96f3d_normal.png","profile_image_url_https":"https:\/\/pbs.twimg.com\/profile_images\/344513261572266825\/1316a31c9c4481517fbb3fca65e96f3d_normal.png","profile_banner_url":"https:\/\/pbs.twimg.com\/profile_banners\/16582191\/1430203572","profile_link_color":"83B449","profile_sidebar_border_color":"FFFFFF","profile_sidebar_fill_color":"6C9450","profile_text_color":"242424","profile_use_background_image":true,"default_profile":false,"default_profile_image":false,"following":false,"follow_request_sent":false,"notifications":false},"geo":null,"coordinates":null,"place":null,"contributors":null,"retweet_count":1,"favorite_count":3,"entities":{"hashtags":[],"symbols":[],"user_mentions":[],"urls":[{"url":"http:\/\/t.co\/9RICwXUy9q","expanded_url":"http:\/\/enva.to\/IndieFont","display_url":"enva.to\/IndieFont","indices":[91,113]}],"media":[{"id":598534988087308289,"id_str":"598534988087308289","indices":[114,136],"media_url":"http:\/\/pbs.twimg.com\/media\/CE5sZoaWMAEAYKq.png","media_url_https":"https:\/\/pbs.twimg.com\/media\/CE5sZoaWMAEAYKq.png","url":"http:\/\/t.co\/xZSCZTAiQY","display_url":"pic.twitter.com\/xZSCZTAiQY","expanded_url":"http:\/\/twitter.com\/envato\/status\/598534988351561728\/photo\/1","type":"photo","sizes":{"large":{"w":660,"h":240,"resize":"fit"},"thumb":{"w":150,"h":150,"resize":"crop"},"medium":{"w":600,"h":218,"resize":"fit"},"small":{"w":340,"h":123,"resize":"fit"}}}]},"extended_entities":{"media":[{"id":598534988087308289,"id_str":"598534988087308289","indices":[114,136],"media_url":"http:\/\/pbs.twimg.com\/media\/CE5sZoaWMAEAYKq.png","media_url_https":"https:\/\/pbs.twimg.com\/media\/CE5sZoaWMAEAYKq.png","url":"http:\/\/t.co\/xZSCZTAiQY","display_url":"pic.twitter.com\/xZSCZTAiQY","expanded_url":"http:\/\/twitter.com\/envato\/status\/598534988351561728\/photo\/1","type":"photo","sizes":{"large":{"w":660,"h":240,"resize":"fit"},"thumb":{"w":150,"h":150,"resize":"crop"},"medium":{"w":600,"h":218,"resize":"fit"},"small":{"w":340,"h":123,"resize":"fit"}}}]},"favorited":false,"retweeted":false,"possibly_sensitive":false,"lang":"en"},{"created_at":"Wed May 13 12:34:45 +0000 2015","id":598466406829707264,"id_str":"598466406829707264","text":"RT @tutsplus: How to Embrace Convergence and Thrive as Hybrid Professional Photographer http:\/\/t.co\/yEKE6eI2WW http:\/\/t.co\/ExH7zzBpaU","source":"\u003ca href=\"http:\/\/twitter.com\" rel=\"nofollow\"\u003eTwitter Web Client\u003c\/a\u003e","truncated":false,"in_reply_to_status_id":null,"in_reply_to_status_id_str":null,"in_reply_to_user_id":null,"in_reply_to_user_id_str":null,"in_reply_to_screen_name":null,"user":{"id":16582191,"id_str":"16582191","name":"Envato","screen_name":"envato","location":"Melbourne","description":"Envato is an ecosystem of sites to help you get creative.","url":"http:\/\/t.co\/5OvUThoMWI","entities":{"url":{"urls":[{"url":"http:\/\/t.co\/5OvUThoMWI","expanded_url":"http:\/\/envato.com","display_url":"envato.com","indices":[0,22]}]},"description":{"urls":[]}},"protected":false,"followers_count":52159,"friends_count":585,"listed_count":1829,"created_at":"Fri Oct 03 19:11:51 +0000 2008","favourites_count":324,"utc_offset":36000,"time_zone":"Melbourne","geo_enabled":false,"verified":false,"statuses_count":6706,"lang":"en","contributors_enabled":false,"is_translator":false,"is_translation_enabled":false,"profile_background_color":"323435","profile_background_image_url":"http:\/\/pbs.twimg.com\/profile_background_images\/378800000036129044\/4aaf87e960f30537daa1a0a0c3c4fc31.jpeg","profile_background_image_url_https":"https:\/\/pbs.twimg.com\/profile_background_images\/378800000036129044\/4aaf87e960f30537daa1a0a0c3c4fc31.jpeg","profile_background_tile":false,"profile_image_url":"http:\/\/pbs.twimg.com\/profile_images\/344513261572266825\/1316a31c9c4481517fbb3fca65e96f3d_normal.png","profile_image_url_https":"https:\/\/pbs.twimg.com\/profile_images\/344513261572266825\/1316a31c9c4481517fbb3fca65e96f3d_normal.png","profile_banner_url":"https:\/\/pbs.twimg.com\/profile_banners\/16582191\/1430203572","profile_link_color":"83B449","profile_sidebar_border_color":"FFFFFF","profile_sidebar_fill_color":"6C9450","profile_text_color":"242424","profile_use_background_image":true,"default_profile":false,"default_profile_image":false,"following":false,"follow_request_sent":false,"notifications":false},"geo":null,"coordinates":null,"place":null,"contributors":null,"retweeted_status":{"created_at":"Mon May 11 17:55:18 +0000 2015","id":597822300344442880,"id_str":"597822300344442880","text":"How to Embrace Convergence and Thrive as Hybrid Professional Photographer http:\/\/t.co\/yEKE6eI2WW http:\/\/t.co\/ExH7zzBpaU","source":"\u003ca href=\"http:\/\/www.hootsuite.com\" rel=\"nofollow\"\u003eHootsuite\u003c\/a\u003e","truncated":false,"in_reply_to_status_id":null,"in_reply_to_status_id_str":null,"in_reply_to_user_id":null,"in_reply_to_user_id_str":null,"in_reply_to_screen_name":null,"user":{"id":17163743,"id_str":"17163743","name":"Tuts+","screen_name":"tutsplus","location":"","description":"Tuts+ teaches creative and technical skills to millions of people worldwide, on topics such as design, development, photography, video, computing, and craft.","url":"http:\/\/t.co\/O7Dx4ganio","entities":{"url":{"urls":[{"url":"http:\/\/t.co\/O7Dx4ganio","expanded_url":"http:\/\/tutsplus.com","display_url":"tutsplus.com","indices":[0,22]}]},"description":{"urls":[]}},"protected":false,"followers_count":102960,"friends_count":3849,"listed_count":4023,"created_at":"Tue Nov 04 18:33:59 +0000 2008","favourites_count":187,"utc_offset":-14400,"time_zone":"Eastern Time (US & Canada)","geo_enabled":false,"verified":false,"statuses_count":7656,"lang":"en","contributors_enabled":false,"is_translator":false,"is_translation_enabled":false,"profile_background_color":"23282B","profile_background_image_url":"http:\/\/pbs.twimg.com\/profile_background_images\/435924421\/twitterbg_tuts.jpg","profile_background_image_url_https":"https:\/\/pbs.twimg.com\/profile_background_images\/435924421\/twitterbg_tuts.jpg","profile_background_tile":false,"profile_image_url":"http:\/\/pbs.twimg.com\/profile_images\/438546157803810816\/zeMXE4as_normal.png","profile_image_url_https":"https:\/\/pbs.twimg.com\/profile_images\/438546157803810816\/zeMXE4as_normal.png","profile_banner_url":"https:\/\/pbs.twimg.com\/profile_banners\/17163743\/1404866098","profile_link_color":"E57F4C","profile_sidebar_border_color":"000000","profile_sidebar_fill_color":"F2F2F2","profile_text_color":"1F1F1F","profile_use_background_image":false,"default_profile":false,"default_profile_image":false,"following":false,"follow_request_sent":false,"notifications":false},"geo":null,"coordinates":null,"place":null,"contributors":null,"retweet_count":3,"favorite_count":7,"entities":{"hashtags":[],"symbols":[],"user_mentions":[],"urls":[{"url":"http:\/\/t.co\/yEKE6eI2WW","expanded_url":"http:\/\/ow.ly\/Mw6GY","display_url":"ow.ly\/Mw6GY","indices":[74,96]}],"media":[{"id":597822299870502912,"id_str":"597822299870502912","indices":[97,119],"media_url":"http:\/\/pbs.twimg.com\/media\/CEvkNt6WoAA__Vz.jpg","media_url_https":"https:\/\/pbs.twimg.com\/media\/CEvkNt6WoAA__Vz.jpg","url":"http:\/\/t.co\/ExH7zzBpaU","display_url":"pic.twitter.com\/ExH7zzBpaU","expanded_url":"http:\/\/twitter.com\/tutsplus\/status\/597822300344442880\/photo\/1","type":"photo","sizes":{"large":{"w":600,"h":744,"resize":"fit"},"thumb":{"w":150,"h":150,"resize":"crop"},"medium":{"w":600,"h":744,"resize":"fit"},"small":{"w":340,"h":421,"resize":"fit"}}}]},"extended_entities":{"media":[{"id":597822299870502912,"id_str":"597822299870502912","indices":[97,119],"media_url":"http:\/\/pbs.twimg.com\/media\/CEvkNt6WoAA__Vz.jpg","media_url_https":"https:\/\/pbs.twimg.com\/media\/CEvkNt6WoAA__Vz.jpg","url":"http:\/\/t.co\/ExH7zzBpaU","display_url":"pic.twitter.com\/ExH7zzBpaU","expanded_url":"http:\/\/twitter.com\/tutsplus\/status\/597822300344442880\/photo\/1","type":"photo","sizes":{"large":{"w":600,"h":744,"resize":"fit"},"thumb":{"w":150,"h":150,"resize":"crop"},"medium":{"w":600,"h":744,"resize":"fit"},"small":{"w":340,"h":421,"resize":"fit"}}}]},"favorited":false,"retweeted":false,"possibly_sensitive":false,"lang":"en"},"retweet_count":3,"favorite_count":0,"entities":{"hashtags":[],"symbols":[],"user_mentions":[{"screen_name":"tutsplus","name":"Tuts+","id":17163743,"id_str":"17163743","indices":[3,12]}],"urls":[{"url":"http:\/\/t.co\/yEKE6eI2WW","expanded_url":"http:\/\/ow.ly\/Mw6GY","display_url":"ow.ly\/Mw6GY","indices":[88,110]}],"media":[{"id":597822299870502912,"id_str":"597822299870502912","indices":[111,133],"media_url":"http:\/\/pbs.twimg.com\/media\/CEvkNt6WoAA__Vz.jpg","media_url_https":"https:\/\/pbs.twimg.com\/media\/CEvkNt6WoAA__Vz.jpg","url":"http:\/\/t.co\/ExH7zzBpaU","display_url":"pic.twitter.com\/ExH7zzBpaU","expanded_url":"http:\/\/twitter.com\/tutsplus\/status\/597822300344442880\/photo\/1","type":"photo","sizes":{"large":{"w":600,"h":744,"resize":"fit"},"thumb":{"w":150,"h":150,"resize":"crop"},"medium":{"w":600,"h":744,"resize":"fit"},"small":{"w":340,"h":421,"resize":"fit"}},"source_status_id":597822300344442880,"source_status_id_str":"597822300344442880","source_user_id":17163743,"source_user_id_str":"17163743"}]},"extended_entities":{"media":[{"id":597822299870502912,"id_str":"597822299870502912","indices":[111,133],"media_url":"http:\/\/pbs.twimg.com\/media\/CEvkNt6WoAA__Vz.jpg","media_url_https":"https:\/\/pbs.twimg.com\/media\/CEvkNt6WoAA__Vz.jpg","url":"http:\/\/t.co\/ExH7zzBpaU","display_url":"pic.twitter.com\/ExH7zzBpaU","expanded_url":"http:\/\/twitter.com\/tutsplus\/status\/597822300344442880\/photo\/1","type":"photo","sizes":{"large":{"w":600,"h":744,"resize":"fit"},"thumb":{"w":150,"h":150,"resize":"crop"},"medium":{"w":600,"h":744,"resize":"fit"},"small":{"w":340,"h":421,"resize":"fit"}},"source_status_id":597822300344442880,"source_status_id_str":"597822300344442880","source_user_id":17163743,"source_user_id_str":"17163743"}]},"favorited":false,"retweeted":false,"possibly_sensitive":false,"lang":"en"},{"created_at":"Wed May 13 08:01:27 +0000 2015","id":598397632046837760,"id_str":"598397632046837760","text":"RT @wdtuts: CodePen Challenge #3 ending shortly\u2013if you still want to take part, better hurry up! http:\/\/t.co\/U0Rfci9UCp http:\/\/t.co\/E9po74f\u2026","source":"\u003ca href=\"http:\/\/www.hootsuite.com\" rel=\"nofollow\"\u003eHootsuite\u003c\/a\u003e","truncated":false,"in_reply_to_status_id":null,"in_reply_to_status_id_str":null,"in_reply_to_user_id":null,"in_reply_to_user_id_str":null,"in_reply_to_screen_name":null,"user":{"id":16582191,"id_str":"16582191","name":"Envato","screen_name":"envato","location":"Melbourne","description":"Envato is an ecosystem of sites to help you get creative.","url":"http:\/\/t.co\/5OvUThoMWI","entities":{"url":{"urls":[{"url":"http:\/\/t.co\/5OvUThoMWI","expanded_url":"http:\/\/envato.com","display_url":"envato.com","indices":[0,22]}]},"description":{"urls":[]}},"protected":false,"followers_count":52159,"friends_count":585,"listed_count":1829,"created_at":"Fri Oct 03 19:11:51 +0000 2008","favourites_count":324,"utc_offset":36000,"time_zone":"Melbourne","geo_enabled":false,"verified":false,"statuses_count":6706,"lang":"en","contributors_enabled":false,"is_translator":false,"is_translation_enabled":false,"profile_background_color":"323435","profile_background_image_url":"http:\/\/pbs.twimg.com\/profile_background_images\/378800000036129044\/4aaf87e960f30537daa1a0a0c3c4fc31.jpeg","profile_background_image_url_https":"https:\/\/pbs.twimg.com\/profile_background_images\/378800000036129044\/4aaf87e960f30537daa1a0a0c3c4fc31.jpeg","profile_background_tile":false,"profile_image_url":"http:\/\/pbs.twimg.com\/profile_images\/344513261572266825\/1316a31c9c4481517fbb3fca65e96f3d_normal.png","profile_image_url_https":"https:\/\/pbs.twimg.com\/profile_images\/344513261572266825\/1316a31c9c4481517fbb3fca65e96f3d_normal.png","profile_banner_url":"https:\/\/pbs.twimg.com\/profile_banners\/16582191\/1430203572","profile_link_color":"83B449","profile_sidebar_border_color":"FFFFFF","profile_sidebar_fill_color":"6C9450","profile_text_color":"242424","profile_use_background_image":true,"default_profile":false,"default_profile_image":false,"following":false,"follow_request_sent":false,"notifications":false},"geo":null,"coordinates":null,"place":null,"contributors":null,"retweeted_status":{"created_at":"Wed May 13 07:51:50 +0000 2015","id":598395209689489408,"id_str":"598395209689489408","text":"CodePen Challenge #3 ending shortly\u2013if you still want to take part, better hurry up! http:\/\/t.co\/U0Rfci9UCp http:\/\/t.co\/E9po74fvxJ","source":"\u003ca href=\"http:\/\/www.hootsuite.com\" rel=\"nofollow\"\u003eHootsuite\u003c\/a\u003e","truncated":false,"in_reply_to_status_id":null,"in_reply_to_status_id_str":null,"in_reply_to_user_id":null,"in_reply_to_user_id_str":null,"in_reply_to_screen_name":null,"user":{"id":17135931,"id_str":"17135931","name":"Webdesigntuts+","screen_name":"wdtuts","location":"","description":"Tutorials, articles, tips and community for web designers.","url":"http:\/\/t.co\/epgGUM1B1E","entities":{"url":{"urls":[{"url":"http:\/\/t.co\/epgGUM1B1E","expanded_url":"http:\/\/webdesign.tutsplus.com","display_url":"webdesign.tutsplus.com","indices":[0,22]}]},"description":{"urls":[]}},"protected":false,"followers_count":121453,"friends_count":213,"listed_count":4333,"created_at":"Mon Nov 03 18:18:14 +0000 2008","favourites_count":67,"utc_offset":36000,"time_zone":"Sydney","geo_enabled":true,"verified":false,"statuses_count":10238,"lang":"en","contributors_enabled":false,"is_translator":false,"is_translation_enabled":false,"profile_background_color":"2A3745","profile_background_image_url":"http:\/\/pbs.twimg.com\/profile_background_images\/704972919\/26c982b8a913b9603853deec25767d92.png","profile_background_image_url_https":"https:\/\/pbs.twimg.com\/profile_background_images\/704972919\/26c982b8a913b9603853deec25767d92.png","profile_background_tile":false,"profile_image_url":"http:\/\/pbs.twimg.com\/profile_images\/438914536209268736\/p4Gu8QCP_normal.png","profile_image_url_https":"https:\/\/pbs.twimg.com\/profile_images\/438914536209268736\/p4Gu8QCP_normal.png","profile_banner_url":"https:\/\/pbs.twimg.com\/profile_banners\/17135931\/1404880024","profile_link_color":"01846B","profile_sidebar_border_color":"000000","profile_sidebar_fill_color":"0F0F0F","profile_text_color":"7A7A7A","profile_use_background_image":false,"default_profile":false,"default_profile_image":false,"following":false,"follow_request_sent":false,"notifications":false},"geo":null,"coordinates":null,"place":null,"contributors":null,"retweet_count":6,"favorite_count":9,"entities":{"hashtags":[],"symbols":[],"user_mentions":[],"urls":[{"url":"http:\/\/t.co\/U0Rfci9UCp","expanded_url":"http:\/\/ow.ly\/MSYnm","display_url":"ow.ly\/MSYnm","indices":[85,107]}],"media":[{"id":598395209387409408,"id_str":"598395209387409408","indices":[108,130],"media_url":"http:\/\/pbs.twimg.com\/media\/CE3tRcLVAAAdLuI.png","media_url_https":"https:\/\/pbs.twimg.com\/media\/CE3tRcLVAAAdLuI.png","url":"http:\/\/t.co\/E9po74fvxJ","display_url":"pic.twitter.com\/E9po74fvxJ","expanded_url":"http:\/\/twitter.com\/wdtuts\/status\/598395209689489408\/photo\/1","type":"photo","sizes":{"large":{"w":600,"h":300,"resize":"fit"},"thumb":{"w":150,"h":150,"resize":"crop"},"small":{"w":340,"h":170,"resize":"fit"},"medium":{"w":600,"h":300,"resize":"fit"}}}]},"extended_entities":{"media":[{"id":598395209387409408,"id_str":"598395209387409408","indices":[108,130],"media_url":"http:\/\/pbs.twimg.com\/media\/CE3tRcLVAAAdLuI.png","media_url_https":"https:\/\/pbs.twimg.com\/media\/CE3tRcLVAAAdLuI.png","url":"http:\/\/t.co\/E9po74fvxJ","display_url":"pic.twitter.com\/E9po74fvxJ","expanded_url":"http:\/\/twitter.com\/wdtuts\/status\/598395209689489408\/photo\/1","type":"photo","sizes":{"large":{"w":600,"h":300,"resize":"fit"},"thumb":{"w":150,"h":150,"resize":"crop"},"small":{"w":340,"h":170,"resize":"fit"},"medium":{"w":600,"h":300,"resize":"fit"}}}]},"favorited":false,"retweeted":false,"possibly_sensitive":false,"lang":"en"},"retweet_count":6,"favorite_count":0,"entities":{"hashtags":[],"symbols":[],"user_mentions":[{"screen_name":"wdtuts","name":"Webdesigntuts+","id":17135931,"id_str":"17135931","indices":[3,10]}],"urls":[{"url":"http:\/\/t.co\/U0Rfci9UCp","expanded_url":"http:\/\/ow.ly\/MSYnm","display_url":"ow.ly\/MSYnm","indices":[97,119]}],"media":[{"id":598395209387409408,"id_str":"598395209387409408","indices":[120,140],"media_url":"http:\/\/pbs.twimg.com\/media\/CE3tRcLVAAAdLuI.png","media_url_https":"https:\/\/pbs.twimg.com\/media\/CE3tRcLVAAAdLuI.png","url":"http:\/\/t.co\/E9po74fvxJ","display_url":"pic.twitter.com\/E9po74fvxJ","expanded_url":"http:\/\/twitter.com\/wdtuts\/status\/598395209689489408\/photo\/1","type":"photo","sizes":{"large":{"w":600,"h":300,"resize":"fit"},"thumb":{"w":150,"h":150,"resize":"crop"},"small":{"w":340,"h":170,"resize":"fit"},"medium":{"w":600,"h":300,"resize":"fit"}},"source_status_id":598395209689489408,"source_status_id_str":"598395209689489408","source_user_id":17135931,"source_user_id_str":"17135931"}]},"extended_entities":{"media":[{"id":598395209387409408,"id_str":"598395209387409408","indices":[120,140],"media_url":"http:\/\/pbs.twimg.com\/media\/CE3tRcLVAAAdLuI.png","media_url_https":"https:\/\/pbs.twimg.com\/media\/CE3tRcLVAAAdLuI.png","url":"http:\/\/t.co\/E9po74fvxJ","display_url":"pic.twitter.com\/E9po74fvxJ","expanded_url":"http:\/\/twitter.com\/wdtuts\/status\/598395209689489408\/photo\/1","type":"photo","sizes":{"large":{"w":600,"h":300,"resize":"fit"},"thumb":{"w":150,"h":150,"resize":"crop"},"small":{"w":340,"h":170,"resize":"fit"},"medium":{"w":600,"h":300,"resize":"fit"}},"source_status_id":598395209689489408,"source_status_id_str":"598395209689489408","source_user_id":17135931,"source_user_id_str":"17135931"}]},"favorited":false,"retweeted":false,"possibly_sensitive":false,"lang":"en"},{"created_at":"Tue May 12 17:45:44 +0000 2015","id":598182283913363456,"id_str":"598182283913363456","text":"The new @EnvatoMarket API includes an improved search API, a developer hub and two new authentication methods https:\/\/t.co\/JsXltAVM12","source":"\u003ca href=\"http:\/\/www.hootsuite.com\" rel=\"nofollow\"\u003eHootsuite\u003c\/a\u003e","truncated":false,"in_reply_to_status_id":null,"in_reply_to_status_id_str":null,"in_reply_to_user_id":null,"in_reply_to_user_id_str":null,"in_reply_to_screen_name":null,"user":{"id":16582191,"id_str":"16582191","name":"Envato","screen_name":"envato","location":"Melbourne","description":"Envato is an ecosystem of sites to help you get creative.","url":"http:\/\/t.co\/5OvUThoMWI","entities":{"url":{"urls":[{"url":"http:\/\/t.co\/5OvUThoMWI","expanded_url":"http:\/\/envato.com","display_url":"envato.com","indices":[0,22]}]},"description":{"urls":[]}},"protected":false,"followers_count":52159,"friends_count":585,"listed_count":1829,"created_at":"Fri Oct 03 19:11:51 +0000 2008","favourites_count":324,"utc_offset":36000,"time_zone":"Melbourne","geo_enabled":false,"verified":false,"statuses_count":6706,"lang":"en","contributors_enabled":false,"is_translator":false,"is_translation_enabled":false,"profile_background_color":"323435","profile_background_image_url":"http:\/\/pbs.twimg.com\/profile_background_images\/378800000036129044\/4aaf87e960f30537daa1a0a0c3c4fc31.jpeg","profile_background_image_url_https":"https:\/\/pbs.twimg.com\/profile_background_images\/378800000036129044\/4aaf87e960f30537daa1a0a0c3c4fc31.jpeg","profile_background_tile":false,"profile_image_url":"http:\/\/pbs.twimg.com\/profile_images\/344513261572266825\/1316a31c9c4481517fbb3fca65e96f3d_normal.png","profile_image_url_https":"https:\/\/pbs.twimg.com\/profile_images\/344513261572266825\/1316a31c9c4481517fbb3fca65e96f3d_normal.png","profile_banner_url":"https:\/\/pbs.twimg.com\/profile_banners\/16582191\/1430203572","profile_link_color":"83B449","profile_sidebar_border_color":"FFFFFF","profile_sidebar_fill_color":"6C9450","profile_text_color":"242424","profile_use_background_image":true,"default_profile":false,"default_profile_image":false,"following":false,"follow_request_sent":false,"notifications":false},"geo":null,"coordinates":null,"place":null,"contributors":null,"retweet_count":4,"favorite_count":1,"entities":{"hashtags":[],"symbols":[],"user_mentions":[{"screen_name":"EnvatoMarket","name":"Envato Market","id":2508601772,"id_str":"2508601772","indices":[8,21]}],"urls":[{"url":"https:\/\/t.co\/JsXltAVM12","expanded_url":"https:\/\/build.envato.com","display_url":"build.envato.com","indices":[110,133]}]},"favorited":false,"retweeted":false,"possibly_sensitive":false,"lang":"en"}]